datetime,city,aqicn,aqius,maincn,mainus,temperature,humidity,pressure,wind_speed,wind_direction
2026-07-16 07:55:54,Jakarta,59,117,p2,p2,32,56,1012,5.28,70
2026-07-16 13:03:15,Jakarta,49,97,p2,p2,30,66,1013,3.61,80
2026-07-16 14:36:34,Jakarta,55,110,p2,p2,29,75,1013,2.5,100
2026-07-16 14:41:05,Jakarta,55,110,p2,p2,29,75,1013,2.5,100
2026-07-16 14:45:33,Jakarta,55,110,p2,p2,29,75,1013,2.5,100
2026-07-16 15:00:55,Jakarta,55,110,p2,p2,29,75,1013,2.5,100
2026-07-16 16:00:52,Jakarta,59,118,p2,p2,28,79,1014,2.5,120
2026-07-16 17:00:51,Jakarta,54,107,p2,p2,28,79,1014,1.94,120
2026-07-16 18:00:52,Jakarta,55,109,p2,p2,28,79,1013,1.94,120
2026-07-16 19:00:52,Jakarta,67,132,p2,p2,27,84,1013,1.67,140
2026-07-16 20:00:51,Jakarta,80,153,p2,p2,27,84,1013,1.67,140
2026-07-16 21:00:54,Jakarta,78,152,p2,p2,27,84,1013,1.67,130
2026-07-16 22:00:54,Jakarta,74,147,p2,p2,27,84,1012,1.11,130
2026-07-16 23:00:48,Jakarta,71,142,p2,p2,26,89,1013,1.11,140
2026-07-17 00:00:55,Jakarta,71,142,p2,p2,26,89,1013,1.11,140
2026-07-17 01:00:50,Jakarta,77,152,p2,p2,26,84,1013,1.67,150
2026-07-17 02:00:48,Jakarta,78,152,p2,p2,28,74,1013,1.94,120
2026-07-17 03:00:50,Jakarta,77,152,p2,p2,29,70,1013,2.5,110
2026-07-17 04:00:51,Jakarta,79,153,p2,p2,31,59,1014,3.06,100
2026-07-17 05:00:53,Jakarta,78,152,p2,p2,32,59,1013,3.61,90
2026-07-17 06:00:50,Jakarta,75,148,p2,p2,32,59,1012,3.61,70
2026-07-17 07:00:49,Jakarta,71,141,p2,p2,32,59,1012,4.17,60
2026-07-17 08:00:49,Jakarta,71,142,p2,p2,32,59,1011,4.17,50
2026-07-17 09:00:51,Jakarta,65,128,p2,p2,32,59,1011,4.72,50
2026-07-17 10:00:51,Jakarta,70,138,p2,p2,31,63,1010,4.72,50
2026-07-17 11:00:48,Jakarta,85,156,p2,p2,31,66,1011,4.17,60
2026-07-17 12:00:51,Jakarta,90,159,p2,p2,30,70,1011,3.61,60
2026-07-17 13:00:49,Jakarta,91,159,p2,p2,30,70,1012,3.06,70
2026-07-17 14:00:49,Jakarta,86,157,p2,p2,29,75,1012,3.06,80
2026-07-17 15:00:56,Jakarta,78,152,p2,p2,29,75,1012,2.5,90
2026-07-17 16:00:52,Jakarta,71,142,p2,p2,29,75,1013,1.94,100
2026-07-17 17:00:53,Jakarta,73,144,p2,p2,28,79,1013,1.94,110
2026-07-17 18:00:51,Jakarta,79,153,p2,p2,28,79,1012,1.67,110
2026-07-17 19:00:52,Jakarta,78,152,p2,p2,27,84,1012,1.11,120
2026-07-17 20:00:51,Jakarta,75,149,p2,p2,27,84,1012,1.11,120
2026-07-17 21:00:48,Jakarta,76,151,p2,p2,27,84,1012,1.11,110
2026-07-17 22:00:54,Jakarta,84,156,p2,p2,27,84,1011,0.56,100
2026-07-17 23:00:45,Jakarta,90,159,p2,p2,27,84,1012,1.11,120
2026-07-18 00:00:53,Jakarta,105,167,p2,p2,27,84,1012,1.11,130
2026-07-18 01:00:44,Jakarta,109,170,p2,p2,27,84,1012,1.67,140
2026-07-18 02:00:42,Jakarta,108,169,p2,p2,28,79,1012,1.94,110
2026-07-18 03:00:42,Jakarta,105,167,p2,p2,29,75,1013,2.5,90
2026-07-18 04:00:44,Jakarta,104,167,p2,p2,31,63,1013,3.06,80
2026-07-18 05:00:47,Jakarta,109,170,p2,p2,31,66,1012,3.61,60
2026-07-18 06:00:44,Jakarta,88,158,p2,p2,32,63,1012,3.61,50
2026-07-18 07:00:46,Jakarta,78,152,p2,p2,32,63,1011,4.17,40
2026-07-18 08:00:41,Jakarta,74,147,p2,p2,32,63,1011,4.17,40
2026-07-18 09:02:10,Jakarta,69,137,p2,p2,32,63,1010,4.17,50
2026-07-18 10:02:25,Jakarta,75,149,p2,p2,31,66,1010,4.17,50
2026-07-18 11:02:15,Jakarta,80,153,p2,p2,31,66,1010,4.17,50
2026-07-18 12:01:55,Jakarta,86,157,p2,p2,30,70,1011,3.61,60
2026-07-18 13:02:05,Jakarta,90,159,p2,p2,30,70,1011,3.61,70
2026-07-18 14:02:24,Jakarta,99,164,p2,p2,29,75,1012,3.06,70
2026-07-18 15:02:10,Jakarta,96,163,p2,p2,29,75,1012,2.5,80
2026-07-18 16:02:04,Jakarta,90,159,p2,p2,29,79,1013,1.94,100
2026-07-18 17:02:10,Jakarta,85,156,p2,p2,29,79,1013,1.67,100
2026-07-18 18:00:44,Jakarta,86,157,p2,p2,28,79,1012,1.67,100
2026-07-18 19:00:43,Jakarta,91,160,p2,p2,27,84,1012,1.11,110
2026-07-18 20:02:04,Jakarta,88,158,p2,p2,27,84,1012,1.11,110
2026-07-18 21:02:15,Jakarta,95,162,p2,p2,27,84,1012,1.11,100
2026-07-18 22:02:17,Jakarta,105,167,p2,p2,27,84,1012,0.56,100
2026-07-18 23:00:45,Jakarta,106,168,p2,p2,27,84,1012,1.11,110
2026-07-19 00:02:22,Jakarta,114,172,p2,p2,27,84,1013,1.11,130
2026-07-19 01:02:08,Jakarta,120,176,p2,p2,27,84,1013,1.11,140
2026-07-19 02:00:45,Jakarta,121,177,p2,p2,28,79,1013,1.67,100
2026-07-19 03:00:42,Jakarta,106,168,p2,p2,29,70,1013,1.94,80
2026-07-19 04:02:33,Jakarta,96,163,p2,p2,30,66,1013,2.5,70
2026-07-19 05:02:15,Jakarta,98,163,p2,p2,31,63,1013,3.06,60
2026-07-19 06:00:44,Jakarta,101,165,p2,p2,31,63,1012,3.06,60
2026-07-19 07:00:43,Jakarta,103,166,p2,p2,32,59,1011,3.61,50
2026-07-19 08:02:30,Jakarta,90,159,p2,p2,32,59,1011,3.61,40
2026-07-19 09:00:44,Jakarta,76,151,p2,p2,32,59,1010,3.61,40
2026-07-19 10:02:14,Jakarta,64,127,p2,p2,31,63,1010,4.17,50
2026-07-19 11:02:17,Jakarta,58,115,p2,p2,31,63,1010,3.61,50
2026-07-19 12:01:49,Jakarta,54,107,p2,p2,30,70,1011,3.06,60
2026-07-19 13:02:08,Jakarta,61,122,p2,p2,30,70,1011,3.06,70
2026-07-19 14:02:18,Jakarta,67,133,p2,p2,30,70,1012,2.5,70
2026-07-19 15:00:41,Jakarta,71,140,p2,p2,29,75,1012,1.94,80
2026-07-19 16:00:42,Jakarta,73,144,p2,p2,29,75,1013,1.94,100
2026-07-19 17:00:42,Jakarta,73,145,p2,p2,29,75,1012,1.67,100
2026-07-19 18:00:44,Jakarta,74,147,p2,p2,28,79,1012,1.11,100
2026-07-19 19:00:44,Jakarta,75,149,p2,p2,28,79,1012,1.11,110
2026-07-19 20:00:41,Jakarta,78,152,p2,p2,28,79,1012,1.11,110
2026-07-19 21:02:11,Jakarta,76,151,p2,p2,27,84,1012,0.56,110
2026-07-19 22:00:44,Jakarta,73,145,p2,p2,27,84,1012,0.56,110
2026-07-19 23:02:04,Jakarta,70,139,p2,p2,27,84,1012,0.56,120
2026-07-20 03:00:46,Jakarta,87,157,p2,p2,29,75,1013,1.67,60
2026-07-20 04:00:45,Jakarta,91,160,p2,p2,30,66,1013,1.94,60
2026-07-20 05:02:07,Jakarta,98,164,p2,p2,31,66,1012,2.5,50
2026-07-20 06:01:49,Jakarta,83,155,p2,p2,31,66,1012,3.06,40
2026-07-20 07:00:46,Jakarta,64,126,p2,p2,32,59,1011,3.61,40
2026-07-20 08:00:47,Jakarta,51,102,p2,p2,32,59,1011,3.61,40
2026-07-20 09:00:45,Jakarta,46,88,p1,p2,32,59,1010,3.61,40
2026-07-20 10:00:51,Jakarta,45,86,p1,p2,31,63,1010,3.61,40
2026-07-20 11:00:48,Jakarta,45,82,p1,p2,31,66,1010,3.06,50
2026-07-20 12:00:51,Jakarta,47,96,p2,p2,30,70,1011,3.06,50
2026-07-20 13:00:49,Jakarta,48,96,p2,p2,30,70,1011,2.5,60
2026-07-20 14:00:49,Jakarta,51,102,p2,p2,30,70,1012,1.94,70
2026-07-20 15:00:48,Jakarta,57,113,p2,p2,29,75,1012,1.94,80
2026-07-20 16:00:49,Jakarta,59,118,p2,p2,29,75,1013,1.67,90
2026-07-20 17:00:47,Jakarta,58,115,p2,p2,29,75,1013,1.67,90
2026-07-20 18:00:53,Jakarta,58,116,p2,p2,28,79,1013,1.11,90
2026-07-20 19:00:51,Jakarta,72,143,p2,p2,28,79,1013,0.56,110
2026-07-20 20:00:46,Jakarta,75,149,p2,p2,28,79,1013,0.56,110
2026-07-20 21:00:54,Jakarta,69,137,p2,p2,27,84,1012,0.56,120
2026-07-20 22:00:43,Jakarta,73,145,p2,p2,27,84,1012,0.56,140
2026-07-20 23:00:46,Jakarta,74,148,p2,p2,27,84,1013,0.56,150
2026-07-21 00:00:48,Jakarta,68,134,p2,p2,27,84,1013,0.56,160
2026-07-21 01:00:52,Jakarta,57,113,p2,p2,27,79,1013,1.11,160
2026-07-21 02:00:43,Jakarta,57,113,p2,p2,28,74,1014,1.11,50
2026-07-21 03:00:45,Jakarta,58,115,p2,p2,29,70,1014,1.67,40
2026-07-21 04:00:42,Jakarta,56,112,p2,p2,30,66,1014,1.94,40
2026-07-21 05:00:48,Jakarta,64,126,p2,p2,30,66,1013,2.5,30
2026-07-21 06:00:51,Jakarta,68,134,p2,p2,31,63,1012,3.06,30
2026-07-21 07:00:50,Jakarta,69,137,p2,p2,31,66,1012,3.61,20
2026-07-21 08:00:46,Jakarta,65,129,p2,p2,31,66,1012,3.06,20
2026-07-21 09:00:47,Jakarta,59,117,p2,p2,31,63,1011,3.06,20
2026-07-21 10:00:43,Jakarta,66,132,p2,p2,31,63,1011,3.06,30
2026-07-21 11:00:49,Jakarta,57,114,p2,p2,30,66,1011,3.06,30
2026-07-21 12:00:48,Jakarta,49,91,s2,p2,30,70,1012,2.5,40
2026-07-21 13:00:52,Jakarta,49,83,s2,p2,30,70,1012,2.5,50
2026-07-21 14:00:48,Jakarta,48,89,s2,p2,29,75,1012,1.94,60
2026-07-21 15:00:58,Jakarta,51,101,p2,p2,29,75,1013,1.67,70
2026-07-21 16:00:59,Jakarta,54,107,p2,p2,29,75,1013,1.67,90
2026-07-21 17:00:49,Jakarta,55,110,p2,p2,29,75,1013,1.11,90
2026-07-21 18:00:48,Jakarta,51,102,p2,p2,28,79,1013,1.11,100
2026-07-21 19:00:43,Jakarta,59,117,p2,p2,28,79,1013,1.11,110
2026-07-21 20:00:48,Jakarta,64,127,p2,p2,28,79,1013,1.11,90
2026-07-21 21:00:51,Jakarta,51,102,p2,p2,27,84,1013,1.11,90
2026-07-21 22:00:44,Jakarta,48,91,s2,p2,27,79,1012,0.56,90
2026-07-21 23:00:43,Jakarta,48,75,s2,p2,27,79,1013,0.56,110
2026-07-22 00:00:48,Jakarta,48,69,s2,p2,27,79,1013,1.11,140
2026-07-22 01:00:44,Jakarta,48,69,s2,p2,27,79,1013,1.11,160
2026-07-22 02:00:42,Jakarta,48,76,s2,p2,28,74,1013,1.11,40
2026-07-22 03:00:43,Jakarta,48,96,p2,p2,29,66,1014,1.11,0
2026-07-22 04:00:41,Jakarta,59,117,p2,p2,30,62,1014,1.67,360
2026-07-22 05:00:47,Jakarta,68,134,p2,p2,30,62,1013,1.94,10
2026-07-22 06:00:49,Jakarta,70,138,p2,p2,31,63,1012,2.5,10
2026-07-22 07:00:46,Jakarta,70,138,p2,p2,31,59,1011,3.61,20
2026-07-22 08:00:52,Jakarta,75,149,p2,p2,31,59,1011,3.61,20
2026-07-22 09:00:49,Jakarta,73,144,p2,p2,31,63,1011,3.61,20
2026-07-22 10:00:51,Jakarta,75,149,p2,p2,31,63,1010,3.61,30
2026-07-22 11:00:45,Jakarta,63,124,p2,p2,30,66,1011,3.06,30
2026-07-22 12:00:52,Jakarta,55,110,p2,p2,30,66,1011,2.5,40
2026-07-22 13:00:52,Jakarta,46,82,s2,p2,30,66,1012,1.94,40
2026-07-22 15:00:51,Jakarta,46,69,s2,p2,29,70,1013,1.67,70
2026-07-22 16:00:47,Jakarta,46,75,s2,p2,29,75,1013,1.11,100
2026-07-22 17:00:47,Jakarta,46,88,s2,p2,29,75,1013,1.11,100
2026-07-22 18:00:44,Jakarta,56,112,p2,p2,28,74,1013,1.11,110
2026-07-22 19:00:45,Jakarta,68,134,p2,p2,27,79,1013,0.56,130
2026-07-22 20:00:45,Jakarta,54,107,p2,p2,27,79,1013,0.56,130
2026-07-22 21:00:51,Jakarta,45,91,s2,p2,27,79,1013,0.56,120
2026-07-22 22:00:49,Jakarta,45,82,s2,p2,27,79,1012,0.56,120
2026-07-22 23:00:43,Jakarta,45,75,s2,p2,26,79,1013,1.11,140
2026-07-23 00:00:50,Jakarta,45,69,s2,p2,26,79,1013,1.11,150
2026-07-23 01:00:49,Jakarta,45,69,s2,p2,26,79,1013,1.11,150
2026-07-23 02:00:41,Jakarta,45,73,s2,p2,28,70,1013,1.67,130
2026-07-23 03:00:44,Jakarta,45,88,s2,p2,29,66,1013,1.67,90
2026-07-23 04:00:46,Jakarta,53,105,p2,p2,30,62,1013,1.67,50
2026-07-23 05:00:42,Jakarta,67,133,p2,p2,31,59,1012,1.94,40
2026-07-23 06:00:47,Jakarta,70,138,p2,p2,31,59,1012,2.5,30
2026-07-23 07:00:47,Jakarta,66,131,p2,p2,32,56,1010,3.61,20
2026-07-23 08:00:47,Jakarta,68,135,p2,p2,32,56,1010,3.61,20
2026-07-23 09:00:52,Jakarta,65,130,p2,p2,31,63,1010,3.61,20
2026-07-23 10:00:53,Jakarta,57,113,p2,p2,31,63,1009,3.61,20
2026-07-23 11:00:48,Jakarta,46,94,p2,p2,30,66,1010,3.06,30
2026-07-23 12:00:55,Jakarta,44,88,s2,p2,30,66,1010,2.5,40
2026-07-23 13:00:46,Jakarta,44,82,s2,p2,30,66,1011,1.94,50
2026-07-23 14:00:56,Jakarta,45,79,s2,p2,29,70,1011,1.94,60
2026-07-23 15:00:53,Jakarta,45,82,s2,p2,29,70,1012,1.67,80
2026-07-23 16:00:49,Jakarta,44,86,s2,p2,29,75,1012,1.67,100
2026-07-23 17:00:46,Jakarta,45,93,p2,p2,29,70,1012,1.11,100
2026-07-23 18:00:49,Jakarta,46,82,s2,o3,28,74,1012,1.11,110
2026-07-23 19:00:48,Jakarta,46,83,s2,o3,27,79,1011,1.11,140
2026-07-23 20:00:47,Jakarta,46,82,s2,o3,27,79,1011,1.11,140
2026-07-23 21:00:48,Jakarta,46,82,s2,o3,27,79,1011,1.11,140
2026-07-23 22:00:46,Jakarta,46,80,s2,o3,27,74,1011,0.56,150
2026-07-23 23:00:44,Jakarta,46,79,s2,o3,26,79,1011,0.56,160
2026-07-24 00:00:46,Jakarta,46,75,s2,o3,26,79,1012,1.11,160
2026-07-24 01:00:48,Jakarta,46,73,s2,o3,26,74,1012,1.11,170
2026-07-24 02:00:42,Jakarta,46,79,s2,p2,28,66,1012,1.67,150
2026-07-24 03:00:44,Jakarta,47,96,p2,p2,29,62,1012,1.67,120
2026-07-24 04:00:48,Jakarta,57,113,p2,p2,30,59,1012,1.94,110
2026-07-24 05:00:43,Jakarta,61,121,p2,p2,31,55,1011,2.5,80
2026-07-24 06:00:48,Jakarta,71,140,p2,p2,31,55,1010,3.06,60
2026-07-24 07:00:46,Jakarta,74,147,p2,p2,32,52,1010,3.61,50
2026-07-24 08:00:53,Jakarta,66,132,p2,p2,32,52,1009,3.61,30
2026-07-24 09:00:49,Jakarta,59,117,p2,p2,31,59,1009,4.17,40
2026-07-24 10:00:48,Jakarta,54,107,p2,p2,31,59,1008,4.17,40
2026-07-24 11:01:02,Jakarta,39,84,p2,p2,30,62,1009,3.61,50
2026-07-24 12:00:50,Jakarta,31,75,p2,p2,30,62,1009,3.06,50
2026-07-24 13:00:50,Jakarta,33,77,p2,p2,30,62,1010,2.5,60
2026-07-24 14:00:54,Jakarta,34,79,p2,p2,29,70,1010,2.5,70
2026-07-24 15:00:51,Jakarta,39,85,p2,p2,29,70,1011,1.94,80
2026-07-24 16:01:31,Jakarta,40,86,p2,p2,29,70,1011,1.94,100
2026-07-24 17:00:52,Jakarta,55,110,p2,p2,28,74,1011,1.67,100
2026-07-24 18:00:46,Jakarta,63,125,p2,p2,28,74,1011,1.67,110
2026-07-24 19:00:45,Jakarta,56,111,p2,p2,27,74,1010,0.56,120
2026-07-24 20:00:44,Jakarta,51,102,p2,p2,27,74,1010,0.56,120
2026-07-24 21:00:50,Jakarta,43,90,p2,p2,27,74,1010,0.56,120
2026-07-24 22:00:44,Jakarta,33,77,p2,p2,26,79,1010,0.56,100
2026-07-24 23:02:15,Jakarta,29,71,p2,p2,26,74,1011,0.56,140
2026-07-25 00:02:33,Jakarta,31,75,p2,p2,26,74,1011,1.11,150
2026-07-25 01:02:42,Jakarta,39,84,p2,p2,26,70,1012,1.11,160
2026-07-25 02:00:45,Jakarta,44,91,p2,p2,27,66,1012,1.67,140
2026-07-25 03:00:42,Jakarta,54,107,p2,p2,29,58,1012,1.94,120
2026-07-25 04:02:18,Jakarta,62,124,p2,p2,30,55,1012,2.5,110
2026-07-25 05:02:06,Jakarta,61,121,p2,p2,31,52,1011,3.06,90
2026-07-25 06:02:34,Jakarta,67,133,p2,p2,32,49,1011,3.06,70
2026-07-25 07:00:44,Jakarta,78,152,p2,p2,32,49,1009,4.72,60
2026-07-25 08:00:47,Jakarta,69,136,p2,p2,32,49,1009,4.72,60
2026-07-25 09:03:44,Jakarta,67,134,p2,p2,32,49,1009,4.72,60
2026-07-25 10:02:39,Jakarta,50,99,p2,p2,31,52,1009,4.72,60
2026-07-25 11:02:35,Jakarta,29,71,p2,p2,31,55,1009,4.17,60
2026-07-25 12:02:18,Jakarta,27,69,p2,p2,30,59,1010,3.61,60
2026-07-25 13:00:42,Jakarta,26,69,p2,p2,29,62,1010,3.06,70
2026-07-25 14:00:42,Jakarta,24,66,p2,p2,29,66,1011,3.06,70
2026-07-25 15:01:33,Jakarta,31,74,p2,p2,29,66,1011,2.5,80
2026-07-25 16:00:40,Jakarta,37,82,p2,p2,28,70,1012,1.94,90
2026-07-25 17:02:15,Jakarta,39,85,p2,p2,28,70,1012,1.94,90
2026-07-25 18:01:57,Jakarta,44,92,p2,p2,28,70,1012,1.67,100
2026-07-25 19:02:17,Jakarta,46,94,p2,p2,26,74,1012,1.11,110
2026-07-25 20:00:43,Jakarta,51,102,p2,p2,26,74,1012,1.11,110
2026-07-25 21:00:44,Jakarta,54,107,p2,p2,26,74,1011,1.11,100
2026-07-25 22:00:47,Jakarta,58,116,p2,p2,26,74,1011,0.56,90
2026-07-25 23:02:06,Jakarta,74,148,p2,p2,25,74,1011,1.11,120
2026-07-26 00:00:51,Jakarta,79,153,p2,p2,25,74,1012,1.11,140
2026-07-26 02:00:47,Jakarta,76,151,p2,p2,26,65,1012,1.94,130
2026-07-26 03:00:43,Jakarta,66,132,p2,p2,28,58,1012,2.5,120
2026-07-26 04:02:19,Jakarta,51,102,p2,p2,30,49,1012,3.61,110
2026-07-26 05:02:05,Jakarta,54,107,p2,p2,31,46,1011,3.61,100
2026-07-26 06:00:45,Jakarta,51,101,p2,p2,32,46,1011,4.17,90
2026-07-26 07:01:58,Jakarta,43,90,p2,p2,32,46,1010,4.72,70
2026-07-26 08:00:48,Jakarta,41,88,p2,p2,32,46,1010,4.72,70
2026-07-26 09:01:33,Jakarta,44,92,p2,p2,32,46,1009,4.72,70
2026-07-26 10:03:42,Jakarta,44,92,p2,p2,32,46,1009,4.72,60
2026-07-26 11:00:45,Jakarta,46,94,p2,p2,31,52,1009,4.72,70
2026-07-26 12:00:47,Jakarta,51,102,p2,p2,30,55,1010,4.17,70
2026-07-26 13:00:41,Jakarta,58,116,p2,p2,29,62,1010,3.61,80
2026-07-26 14:02:21,Jakarta,66,132,p2,p2,29,62,1011,3.06,80
2026-07-26 15:01:52,Jakarta,71,142,p2,p2,28,70,1011,2.5,90
2026-07-26 16:00:41,Jakarta,79,153,p2,p2,28,70,1012,1.94,90
2026-07-26 17:00:41,Jakarta,87,157,p2,p2,28,70,1012,1.67,100
2026-07-26 18:02:06,Jakarta,93,160,p2,p2,27,74,1012,1.67,100
2026-07-26 19:00:42,Jakarta,88,158,p2,p2,26,74,1011,1.11,120
2026-07-26 20:02:23,Jakarta,82,154,p2,p2,26,74,1011,1.11,120
2026-07-26 21:02:12,Jakarta,89,159,p2,p2,26,74,1011,0.56,100
2026-07-26 22:00:44,Jakarta,95,162,p2,p2,25,79,1011,0.56,80
2026-07-26 23:02:17,Jakarta,126,179,p2,p2,25,79,1011,0.56,120
2026-07-27 00:00:49,Jakarta,125,179,p2,p2,25,74,1012,1.11,140
2026-07-27 01:00:48,Jakarta,127,180,p2,p2,25,74,1012,1.11,140
2026-07-27 02:00:45,Jakarta,123,177,p2,p2,26,70,1012,1.94,130
2026-07-27 03:00:44,Jakarta,89,159,p2,p2,28,58,1012,3.06,120
2026-07-27 04:02:26,Jakarta,59,117,p2,p2,30,52,1012,4.17,120
2026-07-27 05:00:47,Jakarta,54,108,p2,p2,31,49,1012,4.72,110
2026-07-27 06:02:33,Jakarta,55,110,p2,p2,31,49,1011,4.72,110
2026-07-27 07:00:48,Jakarta,49,97,p2,p2,32,46,1010,5.28,100
2026-07-27 08:00:48,Jakarta,46,94,p2,p2,32,49,1010,5.28,70
2026-07-27 09:00:56,Jakarta,50,99,p2,p2,32,49,1009,5.28,70
2026-07-27 10:00:50,Jakarta,44,92,p2,p2,32,49,1009,5.28,70
2026-07-27 11:00:48,Jakarta,37,82,p2,p2,31,52,1010,4.72,70
2026-07-27 12:00:51,Jakarta,34,79,p2,p2,30,59,1010,4.17,80
2026-07-27 13:00:54,Jakarta,35,80,p2,p2,29,62,1010,3.61,80
2026-07-27 14:00:47,Jakarta,39,85,p2,p2,29,66,1011,3.06,90
2026-07-27 15:00:59,Jakarta,44,91,p2,p2,28,70,1012,3.06,100
2026-07-27 16:00:48,Jakarta,47,95,p2,p2,28,70,1012,2.5,110
2026-07-27 17:00:51,Jakarta,53,105,p2,p2,27,74,1012,2.5,110
2026-07-27 18:00:59,Jakarta,55,110,p2,p2,27,74,1012,1.94,120
2026-07-27 19:00:46,Jakarta,71,142,p2,p2,27,74,1012,1.94,120
2026-07-27 20:00:54,Jakarta,75,149,p2,p2,26,79,1012,1.94,130
2026-07-27 21:00:45,Jakarta,70,139,p2,p2,26,79,1012,1.67,130
2026-07-27 22:00:54,Jakarta,70,139,p2,p2,26,79,1011,1.11,130
2026-07-27 23:00:44,Jakarta,74,147,p2,p2,26,79,1012,1.67,140
2026-07-28 00:00:47,Jakarta,81,154,p2,p2,26,79,1012,1.67,140
2026-07-28 01:00:44,Jakarta,108,169,p2,p2,26,79,1012,1.67,140
2026-07-28 02:00:40,Jakarta,113,172,p2,p2,27,70,1012,2.5,130
2026-07-28 03:00:43,Jakarta,98,164,p2,p2,29,62,1012,3.61,120
2026-07-28 04:00:48,Jakarta,60,119,p2,p2,30,55,1012,4.72,120
2026-07-28 05:00:43,Jakarta,52,103,p2,p2,31,55,1012,4.72,110
2026-07-28 06:00:44,Jakarta,53,106,p2,p2,32,52,1011,4.72,100
2026-07-28 07:00:42,Jakarta,48,97,p2,p2,32,52,1010,5.28,80
2026-07-28 08:00:44,Jakarta,44,92,p2,p2,32,52,1010,5.28,80
2026-07-28 09:00:45,Jakarta,50,99,p2,p2,32,52,1009,5.28,70
2026-07-28 10:00:52,Jakarta,47,96,p2,p2,31,59,1009,5.28,70
2026-07-28 11:00:53,Jakarta,37,82,p2,p2,31,59,1009,4.72,70
2026-07-28 12:00:49,Jakarta,40,86,p2,p2,30,62,1010,4.17,80
2026-07-28 13:00:51,Jakarta,49,97,p2,p2,29,70,1010,3.61,80
2026-07-28 14:00:50,Jakarta,53,105,p2,p2,29,70,1011,3.06,90
2026-07-28 15:00:51,Jakarta,49,97,p2,p2,28,74,1011,2.5,100
2026-07-28 16:00:45,Jakarta,47,96,p2,p2,28,79,1012,2.5,110
2026-07-28 17:00:51,Jakarta,49,97,p2,p2,28,79,1012,1.94,110
2026-07-28 18:00:53,Jakarta,54,107,p2,p2,28,79,1012,1.94,120
2026-07-28 19:00:51,Jakarta,63,125,p2,p2,27,84,1011,1.67,130
2026-07-28 20:00:44,Jakarta,66,132,p2,p2,27,84,1011,1.67,130
2026-07-28 21:00:48,Jakarta,70,138,p2,p2,26,89,1011,1.11,130
2026-07-28 22:00:43,Jakarta,70,139,p2,p2,26,89,1011,1.11,120
2026-07-28 23:00:48,Jakarta,64,127,p2,p2,26,84,1011,1.11,120
2026-07-29 00:00:44,Jakarta,76,151,p2,p2,26,84,1011,1.11,130
2026-07-29 01:00:48,Jakarta,98,163,p2,p2,26,84,1012,1.11,130
2026-07-29 02:00:44,Jakarta,101,165,p2,p2,28,74,1012,1.94,120
2026-07-29 03:00:41,Jakarta,78,152,p2,p2,29,66,1012,3.06,110
2026-07-29 04:00:43,Jakarta,65,129,p2,p2,30,62,1012,3.61,110
2026-07-29 05:00:46,Jakarta,76,151,p2,p2,31,59,1011,4.17,100
2026-07-29 06:00:42,Jakarta,74,147,p2,p2,31,59,1010,4.17,90
2026-07-29 07:00:52,Jakarta,73,144,p2,p2,32,59,1009,4.17,60
2026-07-29 08:00:43,Jakarta,73,144,p2,p2,32,59,1009,4.17,60
2026-07-29 09:00:47,Jakarta,65,129,p2,p2,31,63,1009,4.17,50
2026-07-29 10:00:53,Jakarta,57,114,p2,p2,31,63,1008,4.17,50
2026-07-29 11:00:47,Jakarta,52,103,p2,p2,30,66,1009,4.17,60
2026-07-29 12:00:53,Jakarta,59,117,p2,p2,30,66,1009,3.61,70
2026-07-29 13:00:44,Jakarta,63,124,p2,p2,29,75,1010,3.06,80
2026-07-29 14:00:56,Jakarta,59,117,p2,p2,29,75,1010,3.06,90
2026-07-29 15:00:52,Jakarta,57,113,p2,p2,29,75,1011,2.5,100
2026-07-29 16:00:43,Jakarta,48,96,p2,p2,28,79,1011,2.5,120
2026-07-29 17:00:43,Jakarta,51,101,p2,p2,28,79,1011,1.94,120
2026-07-29 18:00:51,Jakarta,54,108,p2,p2,28,79,1011,1.67,120
2026-07-29 19:00:40,Jakarta,59,117,p2,p2,26,69,1008,2.22,103
2026-07-29 20:00:45,Jakarta,63,126,p2,p2,26,69,1008,2.22,103
2026-07-29 21:00:43,Jakarta,72,143,p2,p2,26,70,1008,2.22,113
2026-07-29 22:00:51,Jakarta,78,152,p2,p2,26,70,1007,1.67,113
2026-07-29 23:00:43,Jakarta,81,154,p2,p2,26,70,1008,1.39,112
2026-07-30 00:00:48,Jakarta,81,154,p2,p2,25,71,1008,1.11,99
2026-07-30 01:00:50,Jakarta,91,160,p2,p2,26,69,1009,1.39,101
2026-07-30 02:00:55,Jakarta,89,158,p2,p2,27,64,1010,1.39,90
2026-07-30 03:00:43,Jakarta,68,134,p2,p2,29,58,1010,1.67,66
2026-07-30 04:00:47,Jakarta,63,126,p2,p2,30,52,1009,2.22,54
2026-07-30 05:00:55,Jakarta,63,124,p2,p2,31,47,1008,1.94,38
2026-07-30 06:00:43,Jakarta,59,117,p2,p2,32,44,1007,2.5,11
2026-07-30 07:00:50,Jakarta,53,106,p2,p2,32,49,1006,5.56,8
2026-07-30 08:00:46,Jakarta,49,97,p2,p2,32,49,1006,5.56,8
2026-07-30 09:00:44,Jakarta,51,102,p2,p2,31,52,1006,5.83,12
2026-07-30 10:00:55,Jakarta,63,126,p2,p2,30,56,1006,5.56,15
2026-07-30 11:00:50,Jakarta,70,139,p2,p2,29,60,1006,3.89,8
2026-07-30 12:00:44,Jakarta,72,143,p2,p2,29,64,1007,3.33,16
2026-07-30 13:00:44,Jakarta,81,154,p2,p2,28,67,1008,2.78,30
2026-07-30 14:00:56,Jakarta,89,158,p2,p2,28,68,1009,2.78,56
2026-07-30 15:00:45,Jakarta,84,156,p2,p2,28,66,1009,2.5,71
2026-07-30 16:00:47,Jakarta,74,147,p2,p2,28,65,1009,2.5,83
2026-07-30 17:00:45,Jakarta,63,126,p2,p2,28,65,1009,3.06,88
2026-07-30 18:00:46,Jakarta,59,118,p2,p2,28,66,1009,3.06,90
2026-07-30 19:00:47,Jakarta,56,111,p2,p2,26,73,1008,2.78,86
2026-07-30 20:00:42,Jakarta,56,111,p2,p2,26,73,1008,2.78,86
2026-07-30 21:00:44,Jakarta,62,123,p2,p2,26,74,1008,2.5,87
2026-07-30 22:08:20,Jakarta,69,137,p2,p2,26,75,1007,2.5,92
2026-07-30 23:00:47,Jakarta,74,147,p2,p2,26,75,1007,2.22,92
2026-07-31 00:00:47,Jakarta,81,154,p2,p2,26,75,1008,1.94,105
2026-07-31 01:00:46,Jakarta,92,160,p2,p2,26,73,1008,2.22,103
2026-07-31 02:00:50,Jakarta,96,163,p2,p2,27,68,1009,2.22,97
2026-07-31 03:00:53,Jakarta,85,156,p2,p2,29,61,1009,2.22,92
2026-07-31 04:00:45,Jakarta,76,151,p2,p2,30,54,1009,2.5,75
2026-07-31 05:00:45,Jakarta,72,143,p2,p2,32,49,1008,2.22,64
2026-07-31 06:00:50,Jakarta,67,134,p2,p2,33,45,1007,2.78,35
2026-07-31 07:00:51,Jakarta,55,110,p2,p2,32,46,1006,5.28,10
2026-07-31 08:00:49,Jakarta,53,106,p2,p2,32,51,1006,6.94,6
2026-07-31 09:00:54,Jakarta,61,121,p2,p2,31,56,1006,6.94,2
2026-07-31 10:00:45,Jakarta,67,133,p2,p2,31,56,1005,5.83,8
2026-07-31 11:00:48,Jakarta,74,148,p2,p2,29,63,1006,5.28,19
2026-07-31 12:00:51,Jakarta,76,151,p2,p2,29,66,1007,3.61,35
2026-07-31 13:00:46,Jakarta,75,149,p2,p2,29,65,1008,2.78,59
2026-07-31 14:00:50,Jakarta,69,138,p2,p2,29,63,1008,2.78,79
2026-07-31 15:00:56,Jakarta,66,132,p2,p2,28,63,1009,3.33,85
2026-07-31 16:00:54,Jakarta,69,138,p2,p2,28,66,1009,3.61,88
2026-07-31 17:00:51,Jakarta,65,129,p2,p2,27,68,1009,3.33,88
2026-07-31 18:00:52,Jakarta,66,130,p2,p2,27,70,1008,3.06,88
2026-07-31 19:00:46,Jakarta,63,124,p2,p2,27,71,1008,3.06,88
2026-07-31 20:03:00,Jakarta,66,132,p2,p2,26,80,1007,1.67,119
2026-07-31 21:00:42,Jakarta,88,158,p2,p2,26,81,1007,1.39,113
2026-07-31 22:00:46,Jakarta,98,163,p2,p2,26,81,1007,1.39,141
2026-07-31 23:02:16,Jakarta,105,168,p2,p2,26,82,1007,1.11,139
2026-08-01 00:00:49,Jakarta,104,167,p2,p2,25,82,1008,0.83,96
2026-08-01 01:03:09,Jakarta,104,167,p2,p2,26,78,1009,1.11,95
2026-08-01 02:02:51,Jakarta,88,158,p2,p2,27,72,1009,1.67,86
2026-08-01 03:00:53,Jakarta,75,149,p2,p2,29,65,1009,2.22,68
2026-08-01 04:02:35,Jakarta,73,145,p2,p2,30,57,1009,2.22,77
2026-08-01 05:02:30,Jakarta,63,124,p2,p2,32,48,1008,2.5,60
2026-08-01 06:00:46,Jakarta,65,129,p2,p2,32,44,1007,3.61,27
2026-08-01 07:00:41,Jakarta,69,136,p2,p2,32,52,1005,6.39,359
2026-08-01 08:00:47,Jakarta,70,138,p2,p2,32,52,1005,6.39,359
2026-08-01 09:00:44,Jakarta,68,135,p2,p2,31,57,1005,6.39,358
2026-08-01 10:03:27,Jakarta,73,144,p2,p2,30,58,1005,5.83,5
2026-08-01 11:00:54,Jakarta,73,144,p2,p2,29,64,1006,5.56,12
2026-08-01 12:00:45,Jakarta,80,153,p2,p2,28,69,1007,4.44,27
2026-08-01 13:02:46,Jakarta,86,157,p2,p2,28,69,1007,3.61,47
2026-08-01 14:02:33,Jakarta,80,153,p2,p2,28,67,1008,3.06,64
2026-08-01 15:00:45,Jakarta,74,147,p2,p2,28,66,1009,3.33,76
2026-08-01 16:00:42,Jakarta,70,139,p2,p2,27,67,1009,3.33,87
2026-08-01 17:02:51,Jakarta,68,134,p2,p2,27,68,1009,3.06,85
2026-08-01 18:02:37,Jakarta,68,134,p2,p2,27,69,1009,3.06,81
2026-08-01 19:00:44,Jakarta,69,137,p2,p2,26,72,1008,2.5,106
2026-08-01 20:02:12,Jakarta,77,152,p2,p2,26,72,1008,2.5,106
2026-08-01 21:02:46,Jakarta,82,154,p2,p2,26,73,1008,2.22,107
2026-08-01 22:03:44,Jakarta,98,163,p2,p2,26,74,1008,1.94,110
2026-08-01 23:03:02,Jakarta,103,166,p2,p2,26,74,1008,1.39,110
2026-08-02 00:02:51,Jakarta,106,168,p2,p2,26,74,1008,1.39,85
2026-08-02 01:03:01,Jakarta,111,171,p2,p2,26,72,1009,1.94,69
2026-08-02 02:00:45,Jakarta,116,174,p2,p2,27,67,1009,1.94,80
2026-08-02 03:00:43,Jakarta,106,168,p2,p2,29,60,1010,2.22,75
2026-08-02 04:03:44,Jakarta,83,155,p2,p2,31,53,1009,3.06,73
2026-08-02 05:04:56,Jakarta,86,157,p2,p2,32,48,1008,3.06,57
2026-08-02 06:08:02,Jakarta,88,158,p2,p2,32,46,1007,3.89,23
2026-08-02 07:00:43,Jakarta,86,157,p2,p2,32,54,1006,6.39,1
2026-08-02 08:00:47,Jakarta,76,150,p2,p2,32,54,1006,6.39,1
2026-08-02 09:00:45,Jakarta,66,132,p2,p2,31,58,1006,6.39,4
2026-08-02 10:00:45,Jakarta,66,132,p2,p2,30,58,1006,6.39,9
2026-08-02 11:00:47,Jakarta,60,119,p2,p2,30,63,1006,5.83,18
2026-08-02 12:00:50,Jakarta,54,107,p2,p2,29,68,1007,5,35
2026-08-02 13:00:48,Jakarta,44,92,p2,p2,28,70,1008,4.17,60
2026-08-02 14:00:47,Jakarta,44,92,p2,p2,28,71,1009,4.44,79
2026-08-02 15:01:54,Jakarta,43,87,s2,p2,28,71,1009,4.44,89
2026-08-02 16:02:57,Jakarta,43,82,s2,p2,27,72,1010,4.17,91
2026-08-02 17:00:40,Jakarta,43,82,s2,p2,27,72,1010,3.89,90
2026-08-02 18:00:45,Jakarta,43,86,s2,p2,26,73,1009,3.33,90
2026-08-02 19:00:42,Jakarta,43,89,s2,p2,26,74,1009,3.06,95
2026-08-02 20:00:50,Jakarta,46,94,p2,p2,26,72,1008,3.33,91
2026-08-02 21:00:48,Jakarta,52,103,p2,p2,26,73,1008,3.33,96
2026-08-02 22:00:46,Jakarta,50,99,p2,p2,25,74,1008,2.78,99
2026-08-02 23:00:43,Jakarta,46,95,p2,p2,25,74,1008,2.5,98
2026-08-03 00:00:56,Jakarta,47,96,p2,p2,25,75,1009,2.5,107
2026-08-03 01:00:53,Jakarta,50,99,p2,p2,26,73,1010,2.22,112
2026-08-03 02:00:53,Jakarta,47,96,p2,p2,27,66,1010,2.78,103
2026-08-03 03:00:43,Jakarta,43,87,s2,p2,29,59,1010,2.78,99
2026-08-03 04:00:49,Jakarta,50,99,p2,p2,31,52,1010,3.06,74
2026-08-03 05:00:40,Jakarta,56,112,p2,p2,32,47,1009,2.78,58
2026-08-03 06:01:45,Jakarta,59,117,p2,p2,33,45,1008,3.06,28
2026-08-03 07:00:50,Jakarta,50,99,p2,p2,32,53,1006,5.83,9
2026-08-03 08:00:51,Jakarta,47,96,p2,p2,32,53,1006,5.83,9
2026-08-03 09:00:46,Jakarta,49,97,p2,p2,32,56,1006,6.11,14
2026-08-03 10:00:45,Jakarta,47,95,p2,p2,31,59,1006,6.11,12
2026-08-03 11:00:48,Jakarta,42,83,s2,p2,30,63,1007,5.56,26
2026-08-03 12:00:52,Jakarta,42,83,s2,p2,29,69,1008,3.89,40
2026-08-03 13:00:44,Jakarta,46,94,p2,p2,28,71,1008,3.33,53
2026-08-03 14:00:52,Jakarta,54,107,p2,p2,28,72,1009,3.33,75
2026-08-03 15:00:48,Jakarta,53,105,p2,p2,28,73,1010,3.33,86
2026-08-03 16:00:52,Jakarta,45,93,p2,p2,27,76,1010,3.33,88
2026-08-03 17:00:53,Jakarta,39,79,s2,p2,27,79,1010,3.33,98
2026-08-03 18:01:00,Jakarta,39,81,s2,p2,26,80,1009,2.78,104
2026-08-03 19:00:53,Jakarta,40,86,p2,p2,26,80,1009,1.94,106
2026-08-03 20:00:45,Jakarta,53,106,p2,p2,26,80,1009,1.94,106
2026-08-03 21:00:45,Jakarta,53,105,p2,p2,26,80,1009,1.94,99
2026-08-03 22:00:47,Jakarta,51,102,p2,p2,26,80,1009,1.67,108
2026-08-03 23:00:47,Jakarta,51,102,p2,p2,25,80,1009,1.67,117
2026-08-04 00:00:47,Jakarta,54,107,p2,p2,25,80,1010,1.39,122
2026-08-04 01:00:48,Jakarta,55,110,p2,p2,26,77,1010,1.67,136
2026-08-04 02:00:51,Jakarta,51,102,p2,p2,27,69,1011,1.39,148
2026-08-04 03:00:47,Jakarta,39,81,s2,p2,29,61,1011,0.83,151
2026-08-04 04:00:47,Jakarta,49,97,p2,p2,30,54,1010,0.56,283
2026-08-04 05:00:48,Jakarta,63,124,p2,p2,31,50,1010,1.39,297
2026-08-04 06:00:44,Jakarta,66,132,p2,p2,32,46,1008,1.94,318
2026-08-04 07:00:53,Jakarta,56,112,p2,p2,32,45,1007,5.56,11
2026-08-04 08:00:51,Jakarta,44,92,p2,p2,32,45,1007,5.56,11
2026-08-04 09:00:52,Jakarta,43,90,p2,p2,31,54,1007,6.67,14
2026-08-04 10:00:46,Jakarta,41,88,p2,p2,30,60,1007,4.17,339
2026-08-04 11:00:45,Jakarta,39,84,p2,p2,29,60,1007,3.06,314
2026-08-04 12:00:50,Jakarta,39,85,p2,p2,29,61,1008,2.78,327
2026-08-04 13:00:46,Jakarta,43,90,p2,p2,28,63,1008,2.5,330
2026-08-04 14:00:49,Jakarta,61,122,p2,p2,28,66,1009,2.22,335
2026-08-04 15:00:51,Jakarta,78,152,p2,p2,28,67,1010,1.39,334
2026-08-04 16:00:45,Jakarta,84,156,p2,p2,28,68,1010,1.11,330
2026-08-04 17:00:45,Jakarta,88,158,p2,p2,28,69,1010,1.11,308
2026-08-04 18:00:48,Jakarta,98,164,p2,p2,27,69,1009,0.83,287
2026-08-04 19:01:01,Jakarta,105,167,p2,p2,26,82,1009,0.28,69
2026-08-04 20:03:13,Jakarta,105,167,p2,p2,26,82,1009,0.28,69
2026-08-04 21:03:02,Jakarta,111,171,p2,p2,26,83,1009,0.83,112
2026-08-04 22:03:07,Jakarta,119,175,p2,p2,25,84,1009,1.11,106
2026-08-04 23:00:46,Jakarta,122,177,p2,p2,25,84,1009,1.39,98
2026-08-05 00:00:50,Jakarta,119,175,p2,p2,25,84,1010,1.39,109
2026-08-05 01:00:45,Jakarta,118,175,p2,p2,25,81,1010,1.94,111
2026-08-05 02:00:45,Jakarta,110,170,p2,p2,26,76,1010,1.94,109
2026-08-05 03:00:46,Jakarta,99,164,p2,p2,28,69,1011,1.94,94
2026-08-05 04:00:45,Jakarta,82,155,p2,p2,29,63,1010,1.94,69
2026-08-05 05:00:45,Jakarta,81,154,p2,p2,30,57,1009,1.94,33
2026-08-05 06:03:05,Jakarta,84,156,p2,p2,31,54,1008,2.78,11
2026-08-05 07:00:49,Jakarta,82,154,p2,p2,31,54,1007,3.61,3
2026-08-05 08:00:45,Jakarta,75,149,p2,p2,30,60,1007,5.56,8
2026-08-05 09:00:49,Jakarta,69,137,p2,p2,30,59,1006,5.28,11
2026-08-05 10:00:52,Jakarta,65,129,p2,p2,30,58,1006,5.28,19
2026-08-05 11:00:53,Jakarta,63,125,p2,p2,29,59,1007,4.72,25
2026-08-05 12:00:48,Jakarta,63,125,p2,p2,28,61,1008,3.61,30
2026-08-05 13:00:50,Jakarta,65,130,p2,p2,28,63,1008,3.61,41
2026-08-05 14:00:50,Jakarta,67,133,p2,p2,27,66,1009,3.06,67
2026-08-05 15:00:45,Jakarta,70,140,p2,p2,27,67,1010,2.78,82
2026-08-05 16:00:48,Jakarta,81,154,p2,p2,27,69,1010,2.78,107
2026-08-05 17:00:49,Jakarta,77,152,p2,p2,27,71,1010,2.5,94
2026-08-05 18:00:47,Jakarta,78,152,p2,p2,26,74,1010,2.78,84
2026-08-05 19:00:51,Jakarta,78,152,p2,p2,26,76,1009,2.5,88
2026-08-05 20:00:59,Jakarta,84,156,p2,p2,26,76,1009,2.5,88
2026-08-05 21:00:53,Jakarta,95,162,p2,p2,26,76,1009,2.22,102
2026-08-05 22:00:44,Jakarta,98,163,p2,p2,25,76,1009,2.5,90
2026-08-05 23:00:44,Jakarta,94,161,p2,p2,25,76,1009,2.22,102
2026-08-06 00:00:55,Jakarta,95,162,p2,p2,25,77,1010,2.22,99
2026-08-06 01:00:45,Jakarta,95,162,p2,p2,26,74,1010,1.94,106
2026-08-06 02:00:49,Jakarta,81,154,p2,p2,27,66,1011,2.22,112
2026-08-06 03:00:45,Jakarta,53,106,p2,p2,29,57,1011,2.22,96
2026-08-06 04:00:43,Jakarta,54,108,p2,p2,30,49,1010,2.5,71
2026-08-06 05:00:47,Jakarta,58,115,p2,p2,31,45,1010,2.22,47
2026-08-06 06:00:45,Jakarta,63,126,p2,p2,32,43,1009,2.78,24
2026-08-06 07:00:52,Jakarta,65,129,p2,p2,32,44,1008,3.89,13
2026-08-06 08:00:49,Jakarta,48,96,p2,p2,31,52,1007,5.83,14
2026-08-06 09:00:45,Jakarta,43,90,p2,p2,31,57,1007,5.56,16
2026-08-06 10:00:46,Jakarta,41,87,p2,p2,30,59,1006,5.28,13
2026-08-06 11:00:48,Jakarta,50,99,p2,p2,29,62,1007,4.72,20
2026-08-06 12:00:54,Jakarta,55,109,p2,p2,28,66,1007,3.89,28
2026-08-06 13:00:48,Jakarta,53,105,p2,p2,28,69,1008,3.33,35
2026-08-06 14:00:48,Jakarta,39,85,p2,p2,28,71,1009,3.06,44
2026-08-06 15:00:57,Jakarta,38,79,s2,p2,27,73,1010,2.5,64
2026-08-06 23:03:34,Jakarta,70,139,p2,p2,26,65,1009,1.94,90
2026-08-07 00:00:47,Jakarta,73,145,p2,p2,25,66,1010,1.67,93
2026-08-07 01:00:44,Jakarta,72,142,p2,p2,26,64,1010,1.67,97
2026-08-07 02:00:47,Jakarta,59,117,p2,p2,27,59,1011,1.67,86
2026-08-07 03:00:45,Jakarta,45,93,p2,p2,29,52,1011,1.39,81
2026-08-07 04:00:49,Jakarta,45,93,p2,p2,30,47,1010,1.11,45
2026-08-07 05:00:46,Jakarta,56,112,p2,p2,31,45,1010,1.67,6
2026-08-07 06:00:47,Jakarta,56,112,p2,p2,32,43,1009,2.5,358
2026-08-07 07:00:49,Jakarta,53,105,p2,p2,32,46,1007,5.56,13
2026-08-07 08:00:44,Jakarta,41,88,p2,p2,32,46,1007,5.56,13
2026-08-07 09:00:46,Jakarta,40,77,s2,p2,31,52,1007,6.67,17
2026-08-07 10:00:50,Jakarta,40,81,s2,p2,30,57,1007,5.83,11
2026-08-07 11:00:48,Jakarta,44,92,p2,p2,29,59,1007,4.72,15
2026-08-07 12:00:54,Jakarta,54,107,p2,p2,29,64,1008,3.33,11
2026-08-07 13:00:46,Jakarta,63,124,p2,p2,28,69,1009,3.33,23
2026-08-07 14:00:54,Jakarta,65,130,p2,p2,28,72,1010,3.06,47
2026-08-07 15:00:47,Jakarta,77,152,p2,p2,27,73,1011,2.5,81
2026-08-07 16:00:47,Jakarta,75,149,p2,p2,27,73,1011,2.5,101
2026-08-07 17:00:47,Jakarta,66,132,p2,p2,27,71,1011,2.78,113
2026-08-07 18:00:54,Jakarta,56,112,p2,p2,27,70,1010,2.5,110
2026-08-07 19:00:51,Jakarta,53,106,p2,p2,27,64,1009,2.5,91
2026-08-07 20:00:49,Jakarta,58,115,p2,p2,27,64,1009,2.5,91
2026-08-07 21:00:50,Jakarta,73,144,p2,p2,26,66,1009,2.5,88
2026-08-07 22:00:49,Jakarta,74,147,p2,p2,26,67,1009,1.94,99
2026-08-07 23:00:46,Jakarta,75,150,p2,p2,25,69,1010,1.39,128
2026-08-08 00:00:52,Jakarta,79,153,p2,p2,25,70,1010,0.56,130
2026-08-08 01:00:47,Jakarta,90,159,p2,p2,26,69,1011,0.56,162
2026-08-08 02:00:49,Jakarta,91,160,p2,p2,27,64,1012,0,37
2026-08-08 03:00:46,Jakarta,86,157,p2,p2,29,58,1012,0.56,266
2026-08-08 04:00:47,Jakarta,91,160,p2,p2,30,53,1011,1.39,308
2026-08-08 05:00:45,Jakarta,86,157,p2,p2,31,48,1011,2.22,330
2026-08-08 06:00:45,Jakarta,76,151,p2,p2,32,43,1010,2.78,345
2026-08-08 07:00:51,Jakarta,74,147,p2,p2,32,40,1008,5.28,4
2026-08-08 08:00:46,Jakarta,86,157,p2,p2,32,40,1008,5.28,4
2026-08-08 09:00:54,Jakarta,88,158,p2,p2,32,46,1007,6.39,3
2026-08-08 10:00:44,Jakarta,83,155,p2,p2,30,52,1007,6.11,360
2026-08-08 11:00:45,Jakarta,79,153,p2,p2,29,57,1008,5,356
2026-08-08 12:00:50,Jakarta,79,153,p2,p2,28,61,1009,3.33,358
2026-08-08 13:00:45,Jakarta,76,151,p2,p2,28,63,1010,2.78,11
2026-08-08 14:00:46,Jakarta,81,154,p2,p2,28,64,1011,2.78,31
2026-08-08 15:00:48,Jakarta,92,160,p2,p2,27,65,1011,2.5,40
2026-08-08 16:00:43,Jakarta,80,153,p2,p2,27,65,1011,2.22,46
2026-08-08 17:00:53,Jakarta,68,135,p2,p2,27,65,1011,1.94,66
2026-08-08 18:00:55,Jakarta,63,125,p2,p2,27,65,1011,2.22,74
2026-08-08 19:00:40,Jakarta,61,121,p2,p2,26,65,1010,1.94,82
2026-08-08 20:00:49,Jakarta,71,140,p2,p2,26,68,1010,2.22,86
2026-08-08 21:00:45,Jakarta,88,158,p2,p2,26,70,1009,1.94,101
2026-08-08 22:00:47,Jakarta,81,154,p2,p2,25,71,1009,1.67,116
2026-08-08 23:00:44,Jakarta,84,156,p2,p2,25,72,1010,1.67,95
2026-08-09 00:00:50,Jakarta,81,154,p2,p2,25,72,1010,1.67,83
2026-08-09 01:00:43,Jakarta,81,154,p2,p2,26,70,1010,1.39,97
2026-08-09 02:00:46,Jakarta,93,160,p2,p2,27,64,1011,0.83,52
2026-08-09 03:00:47,Jakarta,94,161,p2,p2,28,58,1011,0.83,1
2026-08-09 04:00:45,Jakarta,96,163,p2,p2,29,52,1010,1.67,1
2026-08-09 05:00:48,Jakarta,97,163,p2,p2,30,47,1010,2.5,7
2026-08-09 06:00:50,Jakarta,93,160,p2,p2,31,44,1009,3.61,7
2026-08-09 07:00:45,Jakarta,93,160,p2,p2,31,41,1007,4.72,10
2026-08-09 08:00:44,Jakarta,92,160,p2,p2,31,41,1007,4.72,10
2026-08-09 09:00:51,Jakarta,79,153,p2,p2,31,42,1006,5.56,12
2026-08-09 10:00:43,Jakarta,64,127,p2,p2,30,46,1006,5.56,14
2026-08-09 11:00:46,Jakarta,53,106,p2,p2,29,49,1007,4.72,15
2026-08-09 12:00:46,Jakarta,50,99,p2,p2,28,59,1008,4.17,23
2026-08-09 13:00:44,Jakarta,54,107,p2,p2,28,63,1008,1.67,28
2026-08-09 14:00:44,Jakarta,65,128,p2,p2,27,63,1009,1.11,33
2026-08-09 15:00:46,Jakarta,73,145,p2,p2,27,63,1010,1.11,54
2026-08-09 16:00:44,Jakarta,70,139,p2,p2,27,64,1010,1.11,55
2026-08-09 17:00:48,Jakarta,78,152,p2,p2,27,65,1010,1.11,66
2026-08-09 18:00:58,Jakarta,82,154,p2,p2,27,65,1009,0.83,48
2026-08-09 19:00:47,Jakarta,90,159,p2,p2,26,66,1009,0.83,42
2026-08-09 20:00:43,Jakarta,84,156,p2,p2,26,66,1009,0.83,62
2026-08-09 21:00:44,Jakarta,80,153,p2,p2,26,66,1008,0.56,186
2026-08-09 22:00:54,Jakarta,78,152,p2,p2,25,65,1009,0.56,222
2026-08-09 23:00:46,Jakarta,78,152,p2,p2,25,65,1009,0.28,109
2026-08-10 00:00:55,Jakarta,83,155,p2,p2,25,65,1010,0.56,69
2026-08-10 01:00:43,Jakarta,97,163,p2,p2,26,65,1010,0.83,44
2026-08-10 02:00:59,Jakarta,123,177,p2,p2,27,63,1011,0.56,23
2026-08-10 03:00:51,Jakarta,113,172,p2,p2,28,58,1011,1.11,359
2026-08-10 04:00:52,Jakarta,101,165,p2,p2,29,53,1011,1.39,1
2026-08-10 05:00:46,Jakarta,93,161,p2,p2,30,49,1010,1.67,350
2026-08-10 06:00:49,Jakarta,93,161,p2,p2,31,45,1008,1.94,343
2026-08-10 07:00:55,Jakarta,79,153,p2,p2,31,44,1007,3.06,353
2026-08-10 08:00:53,Jakarta,60,120,p2,p2,32,41,1006,3.89,360
2026-08-10 09:00:47,Jakarta,55,109,p2,p2,31,46,1006,6.39,7
2026-08-10 10:00:50,Jakarta,58,115,p2,p2,30,55,1006,6.11,7
2026-08-10 11:00:45,Jakarta,57,114,p2,p2,29,60,1007,5,9
2026-08-10 12:00:59,Jakarta,61,122,p2,p2,28,64,1007,3.61,2
2026-08-10 13:00:48,Jakarta,66,132,p2,p2,28,66,1009,3.06,14
2026-08-10 14:00:49,Jakarta,68,135,p2,p2,28,68,1009,2.5,21
2026-08-10 15:00:55,Jakarta,76,151,p2,p2,27,69,1010,2.78,42
2026-08-10 16:00:52,Jakarta,74,147,p2,p2,27,68,1010,2.22,49
2026-08-10 17:00:54,Jakarta,72,143,p2,p2,27,65,1010,1.94,69
2026-08-10 18:00:49,Jakarta,74,148,p2,p2,27,64,1009,1.67,82
2026-08-10 19:00:47,Jakarta,80,153,p2,p2,26,62,1008,1.39,113
2026-08-10 20:00:47,Jakarta,88,158,p2,p2,26,62,1008,1.39,113
2026-08-10 21:00:48,Jakarta,83,155,p2,p2,26,64,1008,1.11,82
2026-08-10 22:00:48,Jakarta,85,156,p2,p2,25,66,1008,0.83,73
2026-08-10 23:00:47,Jakarta,89,158,p2,p2,25,67,1008,0.83,109
2026-08-11 00:00:56,Jakarta,93,160,p2,p2,25,67,1009,0.83,80
2026-08-11 01:00:46,Jakarta,110,170,p2,p2,26,66,1010,1.67,80
2026-08-11 02:00:44,Jakarta,104,167,p2,p2,27,61,1011,1.94,84
2026-08-11 03:00:50,Jakarta,85,156,p2,p2,28,55,1011,2.22,65
2026-08-11 04:00:46,Jakarta,85,156,p2,p2,30,49,1010,2.22,49
2026-08-11 05:00:51,Jakarta,92,160,p2,p2,31,45,1009,2.5,27
2026-08-11 06:00:56,Jakarta,92,160,p2,p2,31,44,1008,3.06,9
2026-08-11 07:00:45,Jakarta,88,158,p2,p2,32,43,1006,5,8
2026-08-11 08:00:52,Jakarta,90,159,p2,p2,32,43,1006,5,8
2026-08-11 09:00:47,Jakarta,91,160,p2,p2,32,46,1006,6.11,8
2026-08-11 10:00:52,Jakarta,87,158,p2,p2,30,52,1006,6.39,11
2026-08-11 11:00:51,Jakarta,76,151,p2,p2,29,55,1007,5.56,19
2026-08-11 12:00:47,Jakarta,69,138,p2,p2,28,59,1008,4.17,25
2026-08-11 13:00:46,Jakarta,65,130,p2,p2,28,61,1009,3.33,37
2026-08-11 14:01:03,Jakarta,69,138,p2,p2,28,64,1010,2.78,51
2026-08-11 15:00:49,Jakarta,74,148,p2,p2,28,63,1010,2.5,74
2026-08-11 16:00:48,Jakarta,79,153,p2,p2,28,62,1010,2.5,90
2026-08-11 17:00:48,Jakarta,79,153,p2,p2,27,62,1010,3.06,92
2026-08-11 18:00:46,Jakarta,78,152,p2,p2,27,65,1009,3.06,93
2026-08-11 19:00:49,Jakarta,75,150,p2,p2,26,67,1009,2.22,93
2026-08-11 20:00:50,Jakarta,90,159,p2,p2,26,67,1009,2.22,93
2026-08-11 21:00:51,Jakarta,104,167,p2,p2,26,67,1009,2.5,94
2026-08-11 22:00:55,Jakarta,120,176,p2,p2,26,68,1009,1.94,108
2026-08-11 23:00:47,Jakarta,109,170,p2,p2,25,69,1009,1.94,105
2026-08-12 00:00:52,Jakarta,104,167,p2,p2,25,70,1010,1.67,109
2026-08-12 01:00:46,Jakarta,99,164,p2,p2,26,67,1010,1.94,103
2026-08-12 02:00:44,Jakarta,103,166,p2,p2,27,62,1011,1.94,105
2026-08-12 03:00:48,Jakarta,90,159,p2,p2,29,56,1011,1.67,63
2026-08-12 04:00:50,Jakarta,91,160,p2,p2,30,50,1011,1.94,46
2026-08-12 05:00:56,Jakarta,96,162,p2,p2,31,45,1010,2.5,34
2026-08-12 06:00:50,Jakarta,86,157,p2,p2,32,41,1009,3.06,16
2026-08-12 07:00:51,Jakarta,74,147,p2,p2,32,48,1008,6.94,5
2026-08-12 08:00:46,Jakarta,59,117,p2,p2,32,48,1008,6.94,5
2026-08-12 09:00:47,Jakarta,54,107,p2,p2,31,53,1007,6.67,4
2026-08-12 10:00:47,Jakarta,56,112,p2,p2,30,55,1007,6.39,12
2026-08-12 11:00:47,Jakarta,55,109,p2,p2,29,60,1008,5.28,17
2026-08-12 12:00:49,Jakarta,59,117,p2,p2,28,65,1009,4.72,28
2026-08-12 13:00:47,Jakarta,69,138,p2,p2,28,66,1010,3.61,39
2026-08-12 14:00:43,Jakarta,76,151,p2,p2,28,65,1011,3.06,59
2026-08-12 15:00:50,Jakarta,67,133,p2,p2,27,64,1011,3.06,69
2026-08-12 16:00:47,Jakarta,67,134,p2,p2,27,65,1011,3.06,85
2026-08-12 17:00:49,Jakarta,66,131,p2,p2,27,66,1011,3.06,92
2026-08-12 18:00:46,Jakarta,68,134,p2,p2,26,67,1011,2.78,98
2026-08-12 19:00:47,Jakarta,75,149,p2,p2,26,69,1010,2.78,93
2026-08-12 20:00:50,Jakarta,78,152,p2,p2,25,68,1010,2.78,94
2026-08-12 21:00:43,Jakarta,83,155,p2,p2,25,69,1010,2.5,99
2026-08-12 22:00:45,Jakarta,94,161,p2,p2,25,69,1009,1.94,132
2026-08-12 23:00:47,Jakarta,84,156,p2,p2,25,70,1010,1.39,115
2026-08-13 00:00:57,Jakarta,90,159,p2,p2,24,71,1010,0.83,122
2026-08-13 01:00:47,Jakarta,99,164,p2,p2,25,69,1011,0.56,138
2026-08-13 02:00:51,Jakarta,103,166,p2,p2,27,62,1011,0.28,160
2026-08-13 03:00:48,Jakarta,100,165,p2,p2,28,55,1011,0.28,15
2026-08-13 04:00:47,Jakarta,101,165,p2,p2,30,49,1011,1.11,351
2026-08-13 05:00:49,Jakarta,102,166,p2,p2,31,44,1010,1.67,347
2026-08-13 06:00:49,Jakarta,99,164,p2,p2,32,40,1009,2.22,352
2026-08-13 07:00:52,Jakarta,81,154,p2,p2,32,40,1007,5,8
2026-08-13 08:00:50,Jakarta,73,144,p2,p2,32,40,1007,5,8
2026-08-13 09:00:46,Jakarta,61,122,p2,p2,32,47,1007,6.67,8
2026-08-13 10:00:51,Jakarta,54,108,p2,p2,30,53,1007,5.83,7
2026-08-13 11:00:47,Jakarta,62,123,p2,p2,29,55,1008,5,12
2026-08-13 12:00:55,Jakarta,65,129,p2,p2,28,61,1009,3.33,12
2026-08-13 13:00:41,Jakarta,66,132,p2,p2,28,62,1010,1.94,2
2026-08-13 14:00:48,Jakarta,66,131,p2,p2,28,64,1011,2.22,25
2026-08-13 15:00:49,Jakarta,66,132,p2,p2,27,66,1012,1.67,45
2026-08-13 16:00:53,Jakarta,76,151,p2,p2,27,66,1012,0.83,88
2026-08-13 17:00:47,Jakarta,74,147,p2,p2,27,66,1011,0.83,97
2026-08-13 18:00:46,Jakarta,79,153,p2,p2,27,66,1011,1.39,84
2026-08-13 19:00:47,Jakarta,75,149,p2,p2,26,72,1010,2.22,86
2026-08-13 20:00:46,Jakarta,67,133,p2,p2,26,72,1010,2.22,86
2026-08-13 21:00:46,Jakarta,73,144,p2,p2,26,72,1010,1.94,102
2026-08-13 22:00:50,Jakarta,93,161,p2,p2,26,73,1010,1.94,126
2026-08-13 23:00:46,Jakarta,101,165,p2,p2,25,74,1010,1.94,142
2026-08-14 00:00:50,Jakarta,108,169,p2,p2,25,74,1010,1.39,123
2026-08-14 01:00:47,Jakarta,109,170,p2,p2,26,72,1011,1.67,122
2026-08-14 02:00:50,Jakarta,113,172,p2,p2,27,65,1011,1.11,111
2026-08-14 03:00:50,Jakarta,119,176,p2,p2,29,57,1012,1.11,65
2026-08-14 04:00:51,Jakarta,129,181,p2,p2,30,50,1011,1.11,41
2026-08-14 05:00:40,Jakarta,115,173,p2,p2,32,45,1010,1.39,12
2026-08-14 06:00:44,Jakarta,100,165,p2,p2,32,41,1009,1.94,355
2026-08-14 07:00:57,Jakarta,97,163,p2,p2,33,38,1007,4.17,0
2026-08-14 09:00:40,Jakarta,80,153,p2,p2,32,44,1007,6.39,8
2026-08-14 10:00:41,Jakarta,78,153,p2,p2,31,55,1007,6.67,6
2026-08-14 11:00:43,Jakarta,69,137,p2,p2,30,58,1008,5.56,5
2026-08-14 12:00:36,Jakarta,68,134,p2,p2,29,63,1009,3.89,14
2026-08-14 13:00:39,Jakarta,75,149,p2,p2,28,65,1010,2.22,21
2026-08-14 14:00:42,Jakarta,77,152,p2,p2,28,66,1011,1.94,38
2026-08-14 15:00:42,Jakarta,83,155,p2,p2,28,66,1011,1.94,35
2026-08-14 16:00:39,Jakarta,87,157,p2,p2,28,67,1011,1.67,45
2026-08-14 17:00:54,Jakarta,88,158,p2,p2,27,68,1011,1.39,55
2026-08-14 18:00:39,Jakarta,89,158,p2,p2,27,69,1011,1.39,60
2026-08-14 19:00:41,Jakarta,86,157,p2,p2,27,70,1010,0.28,146
2026-08-14 20:00:39,Jakarta,93,160,p2,p2,27,70,1010,0.28,146
2026-08-14 21:00:47,Jakarta,98,163,p2,p2,27,70,1010,0.28,208
2026-08-14 22:00:42,Jakarta,101,165,p2,p2,26,71,1010,0.56,207
2026-08-14 23:00:37,Jakarta,113,172,p2,p2,26,71,1010,0.83,212
2026-08-15 00:00:41,Jakarta,124,178,p2,p2,26,72,1011,1.11,240
2026-08-15 01:00:38,Jakarta,122,177,p2,p2,27,70,1011,1.39,229
2026-08-15 02:00:38,Jakarta,109,170,p2,p2,28,65,1012,1.11,223
2026-08-15 03:00:43,Jakarta,112,171,p2,p2,30,58,1012,0.56,267
2026-08-15 04:00:38,Jakarta,113,172,p2,p2,31,51,1012,1.11,327
2026-08-15 05:00:40,Jakarta,109,170,p2,p2,32,47,1011,2.22,340
2026-08-15 06:00:41,Jakarta,115,173,p2,p2,32,45,1010,3.33,349
2026-08-15 07:00:43,Jakarta,110,170,p2,p2,32,45,1009,5.56,357
2026-08-15 08:00:35,Jakarta,107,168,p2,p2,32,45,1009,5.56,357
2026-08-15 09:01:52,Jakarta,90,159,p2,p2,32,49,1008,5.56,357
2026-08-15 10:00:38,Jakarta,73,145,p2,p2,31,50,1008,5.28,2
2026-08-15 11:00:35,Jakarta,63,126,p2,p2,30,55,1009,4.72,357
2026-08-15 12:00:48,Jakarta,63,126,p2,p2,29,60,1010,3.61,360
2026-08-15 13:00:39,Jakarta,75,149,p2,p2,29,62,1011,2.78,17
2026-08-15 14:00:39,Jakarta,84,156,p2,p2,28,64,1011,2.22,30
2026-08-15 15:00:36,Jakarta,93,160,p2,p2,28,64,1012,1.11,36
2026-08-15 16:00:40,Jakarta,90,159,p2,p2,28,64,1012,0.56,33
2026-08-15 17:00:42,Jakarta,83,155,p2,p2,28,65,1012,1.39,35
2026-08-15 18:00:36,Jakarta,88,158,p2,p2,27,66,1011,0.83,40
2026-08-15 19:00:39,Jakarta,96,162,p2,p2,27,71,1010,2.78,93
2026-08-15 20:00:39,Jakarta,105,167,p2,p2,27,71,1010,2.78,93
2026-08-15 21:00:37,Jakarta,106,168,p2,p2,26,72,1010,2.78,98
2026-08-15 22:00:38,Jakarta,110,170,p2,p2,26,73,1010,2.78,100
2026-08-15 23:00:41,Jakarta,105,167,p2,p2,26,73,1010,2.78,107
2026-08-16 00:00:39,Jakarta,115,173,p2,p2,26,74,1011,2.5,97
2026-08-16 01:00:37,Jakarta,118,175,p2,p2,26,72,1012,2.5,102
2026-08-16 02:00:40,Jakarta,114,172,p2,p2,28,64,1012,2.5,90
2026-08-16 03:00:44,Jakarta,100,164,p2,p2,29,57,1012,3.06,77
2026-08-16 04:00:43,Jakarta,94,161,p2,p2,31,50,1012,3.06,66
2026-08-16 05:00:42,Jakarta,84,156,p2,p2,32,45,1011,2.78,47
2026-08-16 06:00:40,Jakarta,78,152,p2,p2,33,43,1010,3.61,19
2026-08-16 07:00:45,Jakarta,70,139,p2,p2,32,51,1008,5.83,6
2026-08-16 08:00:40,Jakarta,72,144,p2,p2,32,51,1008,5.83,6
2026-08-16 09:00:37,Jakarta,79,153,p2,p2,32,53,1008,5.56,8
2026-08-16 10:00:41,Jakarta,79,153,p2,p2,31,56,1008,5.56,11
2026-08-16 11:00:38,Jakarta,79,153,p2,p2,30,64,1009,5.83,21
2026-08-16 12:00:36,Jakarta,85,156,p2,p2,29,70,1010,3.61,19
2026-08-16 13:00:36,Jakarta,80,153,p2,p2,28,72,1011,2.5,25
2026-08-16 14:00:36,Jakarta,83,155,p2,p2,28,74,1012,2.5,42
2026-08-16 15:00:39,Jakarta,84,156,p2,p2,28,76,1012,2.78,54
2026-08-16 16:00:36,Jakarta,74,148,p2,p2,27,77,1012,2.5,62
2026-08-16 17:00:39,Jakarta,78,152,p2,p2,27,78,1012,2.22,79
2026-08-16 18:00:39,Jakarta,80,153,p2,p2,27,78,1012,1.94,91
2026-08-16 19:00:40,Jakarta,86,157,p2,p2,27,78,1011,1.39,96
2026-08-16 20:00:37,Jakarta,83,155,p2,p2,26,79,1011,0.56,74
2026-08-16 21:00:38,Jakarta,100,165,p2,p2,26,79,1011,0.56,32
2026-08-16 22:00:38,Jakarta,110,170,p2,p2,26,79,1011,0.56,46
2026-08-16 23:00:42,Jakarta,113,172,p2,p2,26,80,1011,0.28,88
2026-08-17 00:00:38,Jakarta,114,172,p2,p2,26,81,1012,0.56,180
2026-08-17 01:00:39,Jakarta,95,162,p2,p2,26,79,1013,0.56,208
2026-08-17 02:00:38,Jakarta,98,163,p2,p2,28,73,1013,0.83,236
2026-08-17 03:00:35,Jakarta,94,162,p2,p2,29,65,1013,0.83,272
2026-08-17 04:00:37,Jakarta,88,158,p2,p2,31,56,1013,1.11,282
2026-08-17 05:00:42,Jakarta,84,156,p2,p2,32,49,1012,1.11,317
2026-08-17 06:00:38,Jakarta,87,157,p2,p2,33,44,1011,1.94,333
2026-08-17 07:00:40,Jakarta,83,155,p2,p2,33,40,1009,4.72,9
2026-08-17 08:00:38,Jakarta,72,143,p2,p2,33,40,1009,4.72,9
2026-08-17 09:00:38,Jakarta,65,129,p2,p2,32,48,1008,6.94,11
2026-08-17 10:00:40,Jakarta,65,129,p2,p2,31,57,1008,5.83,359
2026-08-17 11:00:41,Jakarta,65,129,p2,p2,30,57,1008,4.44,350
2026-08-17 12:00:41,Jakarta,62,123,p2,p2,29,61,1009,3.89,0
2026-08-17 13:00:46,Jakarta,60,118,p2,p2,29,64,1010,3.33,21
2026-08-17 14:00:41,Jakarta,63,126,p2,p2,28,67,1011,2.78,37
2026-08-17 16:00:40,Jakarta,74,147,p2,p2,28,69,1011,2.78,57
2026-08-17 17:00:40,Jakarta,83,155,p2,p2,28,70,1011,2.78,63
2026-08-17 19:00:38,Jakarta,84,156,p2,p2,27,74,1010,2.78,84
2026-08-17 20:00:40,Jakarta,79,153,p2,p2,27,74,1010,2.78,84
2026-08-17 21:00:38,Jakarta,84,156,p2,p2,27,74,1010,2.78,95
2026-08-17 22:00:39,Jakarta,85,156,p2,p2,27,74,1010,2.78,88
2026-08-17 23:00:47,Jakarta,75,148,p2,p2,26,76,1010,3.06,80
2026-08-18 00:00:42,Jakarta,71,140,p2,p2,26,77,1011,3.06,87
2026-08-18 01:00:45,Jakarta,75,149,p2,p2,27,75,1011,2.78,95
2026-08-18 02:00:39,Jakarta,83,155,p2,p2,28,68,1012,3.06,92
2026-08-18 03:00:38,Jakarta,84,156,p2,p2,30,59,1012,2.78,88
2026-08-18 04:00:40,Jakarta,68,135,p2,p2,31,53,1012,2.5,83
2026-08-18 05:00:42,Jakarta,63,124,p2,p2,32,48,1011,1.94,73
2026-08-18 06:00:39,Jakarta,61,121,p2,p2,33,44,1009,3.06,26
2026-08-18 07:00:41,Jakarta,62,123,p2,p2,32,58,1008,7.22,6
2026-08-18 08:00:39,Jakarta,61,121,p2,p2,32,58,1008,7.22,6
2026-08-18 09:00:41,Jakarta,66,132,p2,p2,31,57,1007,6.67,13
2026-08-18 10:00:37,Jakarta,67,133,p2,p2,31,60,1007,6.11,18
2026-08-18 11:00:39,Jakarta,61,122,p2,p2,30,64,1008,5,23
2026-08-18 12:00:40,Jakarta,56,111,p2,p2,29,67,1008,3.89,25
2026-08-18 13:00:39,Jakarta,64,127,p2,p2,29,68,1009,3.33,45
2026-08-18 14:00:40,Jakarta,60,119,p2,p2,29,67,1010,3.06,70
2026-08-18 15:00:43,Jakarta,46,94,p2,p2,28,66,1010,2.78,88
2026-08-18 16:00:39,Jakarta,47,96,p2,p2,28,67,1011,2.78,83
2026-08-18 17:00:41,Jakarta,53,105,p2,p2,28,68,1011,2.78,83
2026-08-18 18:00:38,Jakarta,55,110,p2,p2,28,68,1011,3.06,84
2026-08-18 19:00:41,Jakarta,58,116,p2,p2,27,71,1010,2.78,92
2026-08-18 20:00:39,Jakarta,60,120,p2,p2,27,71,1010,2.78,92
2026-08-18 21:00:45,Jakarta,55,110,p2,p2,26,71,1009,2.5,103
2026-08-18 22:00:36,Jakarta,59,118,p2,p2,26,73,1009,2.22,96
2026-08-18 23:00:35,Jakarta,66,132,p2,p2,26,75,1010,2.22,99
2026-08-19 00:00:39,Jakarta,79,153,p2,p2,26,76,1010,1.94,107
2026-08-19 01:00:54,Jakarta,91,160,p2,p2,27,74,1011,1.94,102
2026-08-19 02:00:35,Jakarta,91,160,p2,p2,28,68,1011,1.94,105
2026-08-19 03:00:40,Jakarta,83,155,p2,p2,29,60,1012,2.22,100
2026-08-19 04:00:44,Jakarta,90,159,p2,p2,31,54,1011,1.67,90
2026-08-19 05:00:39,Jakarta,90,159,p2,p2,32,49,1010,1.39,52
2026-08-19 06:00:35,Jakarta,74,147,p2,p2,32,49,1010,3.33,6
2026-08-19 07:00:39,Jakarta,54,107,p2,p2,31,57,1009,5.28,18
2026-08-19 08:00:43,Jakarta,63,126,p2,p2,31,57,1009,5.28,18
2026-08-19 09:00:39,Jakarta,72,143,p2,p2,31,57,1008,4.72,26
2026-08-19 10:00:39,Jakarta,69,137,p2,p2,30,65,1008,5.56,28
2026-08-19 11:00:39,Jakarta,51,102,p2,p2,29,70,1009,3.06,21
2026-08-19 12:00:37,Jakarta,43,90,p2,p2,28,75,1009,1.11,353
2026-08-19 13:00:44,Jakarta,50,99,p2,p2,27,74,1010,0.56,14
2026-08-19 14:00:53,Jakarta,65,129,p2,p2,27,75,1011,0.83,36
2026-08-19 15:00:42,Jakarta,60,119,p2,p2,27,78,1012,1.94,68
2026-08-19 16:00:45,Jakarta,58,115,p2,p2,26,79,1012,2.22,107
2026-08-19 17:00:41,Jakarta,59,117,p2,p2,26,82,1013,2.5,102
2026-08-19 18:00:39,Jakarta,65,130,p2,p2,26,84,1012,2.22,104
2026-08-19 19:00:43,Jakarta,79,153,p2,p2,26,82,1011,1.94,128
2026-08-19 20:00:39,Jakarta,76,151,p2,p2,26,82,1011,1.94,128
2026-08-19 21:00:41,Jakarta,79,153,p2,p2,26,82,1011,1.39,146
2026-08-19 22:00:39,Jakarta,84,156,p2,p2,26,81,1011,0.83,117
2026-08-19 23:00:38,Jakarta,96,162,p2,p2,26,81,1011,0.83,162
2026-08-20 00:00:40,Jakarta,103,166,p2,p2,26,82,1011,1.39,158
2026-08-20 01:00:41,Jakarta,108,169,p2,p2,26,80,1012,1.39,160
2026-08-20 02:00:38,Jakarta,98,163,p2,p2,27,75,1013,1.11,134
2026-08-20 03:00:38,Jakarta,84,155,p2,p2,28,68,1013,0.56,83
2026-08-20 04:00:40,Jakarta,84,156,p2,p2,30,62,1013,1.39,356
2026-08-20 05:00:37,Jakarta,90,159,p2,p2,31,57,1012,1.94,2
2026-08-20 06:00:40,Jakarta,94,161,p2,p2,31,53,1011,2.5,358
2026-08-20 07:00:40,Jakarta,91,159,p2,p2,30,59,1009,6.39,19
2026-08-20 08:00:42,Jakarta,81,154,p2,p2,30,59,1009,6.39,19
2026-08-20 09:00:42,Jakarta,71,142,p2,p2,31,58,1009,5,22
2026-08-20 10:00:41,Jakarta,61,122,p2,p2,30,57,1008,4.44,19
2026-08-20 11:00:41,Jakarta,57,113,p2,p2,29,64,1009,3.33,357
2026-08-20 12:00:41,Jakarta,55,109,p2,p2,28,72,1010,3.06,354
2026-08-20 13:00:39,Jakarta,46,94,p2,p2,27,76,1011,2.22,17
2026-08-20 14:00:55,Jakarta,43,90,p2,p2,27,76,1011,1.67,54
2026-08-20 15:00:45,Jakarta,45,93,p2,p2,27,79,1012,1.94,75
2026-08-20 16:00:41,Jakarta,47,95,p2,p2,27,80,1012,1.94,91
2026-08-20 17:00:41,Jakarta,44,92,p2,p2,26,83,1012,1.94,115
2026-08-20 18:00:38,Jakarta,52,103,p2,p2,26,84,1011,1.94,125
2026-08-20 19:00:38,Jakarta,56,112,p2,p2,26,80,1010,1.94,89
2026-08-20 20:00:42,Jakarta,56,111,p2,p2,26,80,1010,1.94,89
2026-08-20 21:00:46,Jakarta,53,106,p2,p2,25,80,1010,1.67,98
2026-08-20 22:00:38,Jakarta,54,107,p2,p2,25,81,1010,1.67,94
2026-08-20 23:00:40,Jakarta,53,105,p2,p2,25,81,1010,1.94,80
2026-08-21 00:00:39,Jakarta,61,122,p2,p2,25,81,1011,1.67,90
2026-08-21 01:00:37,Jakarta,74,147,p2,p2,25,77,1012,1.94,106
2026-08-21 02:00:35,Jakarta,75,149,p2,p2,27,71,1013,1.94,103
2026-08-21 03:00:45,Jakarta,70,139,p2,p2,28,64,1013,2.22,88
2026-08-21 04:00:36,Jakarta,58,116,p2,p2,30,57,1013,2.5,84
2026-08-21 05:00:39,Jakarta,60,119,p2,p2,31,51,1011,2.22,89
2026-08-21 06:00:36,Jakarta,68,134,p2,p2,32,46,1010,1.67,64
2026-08-21 07:00:40,Jakarta,65,129,p2,p2,32,46,1009,3.33,18
2026-08-21 08:00:37,Jakarta,61,122,p2,p2,32,51,1009,5.28,11
2026-08-21 09:00:41,Jakarta,55,110,p2,p2,31,56,1008,5,9
2026-08-21 10:00:39,Jakarta,49,97,p2,p2,30,59,1008,5.56,17
2026-08-21 11:00:36,Jakarta,49,97,p2,p2,29,63,1008,5.56,21
2026-08-21 12:00:38,Jakarta,55,110,p2,p2,28,65,1009,5,33
2026-08-21 13:00:38,Jakarta,51,101,p2,p2,28,65,1010,3.89,53
2026-08-21 14:00:43,Jakarta,51,102,p2,p2,28,65,1011,3.61,74
2026-08-21 15:00:39,Jakarta,43,90,p2,p2,28,66,1012,3.33,81
2026-08-21 16:00:42,Jakarta,38,82,s2,p2,27,67,1012,3.06,88
2026-08-21 17:00:44,Jakarta,39,85,p2,p2,27,68,1011,2.78,89
2026-08-21 18:00:41,Jakarta,41,88,p2,p2,27,70,1011,2.5,79
2026-08-21 19:00:38,Jakarta,41,88,p2,p2,26,71,1010,2.78,100
2026-08-21 20:00:38,Jakarta,48,96,p2,p2,26,71,1010,2.78,100
2026-08-21 21:00:42,Jakarta,51,101,p2,p2,26,71,1010,2.22,111
2026-08-21 22:00:38,Jakarta,46,94,p2,p2,26,72,1010,1.67,122
2026-08-21 23:00:39,Jakarta,49,97,p2,p2,25,73,1010,1.39,125
2026-08-22 00:00:39,Jakarta,55,110,p2,p2,25,74,1011,1.39,137
2026-08-22 01:00:42,Jakarta,62,124,p2,p2,26,72,1012,1.39,171
2026-08-22 02:00:43,Jakarta,73,144,p2,p2,27,66,1012,1.11,194
2026-08-22 03:00:43,Jakarta,76,151,p2,p2,29,60,1013,0.56,238
2026-08-22 04:00:54,Jakarta,83,155,p2,p2,30,55,1012,0.56,358
2026-08-22 05:00:40,Jakarta,82,155,p2,p2,31,50,1011,1.11,347
2026-08-22 06:00:41,Jakarta,83,155,p2,p2,32,47,1010,1.94,1
2026-08-22 07:00:40,Jakarta,79,153,p2,p2,32,43,1008,3.61,18
2026-08-22 08:00:37,Jakarta,75,149,p2,p2,32,43,1008,3.61,18
2026-08-22 09:02:03,Jakarta,70,139,p2,p2,32,44,1007,5.28,17
2026-08-22 10:00:37,Jakarta,65,129,p2,p2,31,52,1008,6.11,15
2026-08-22 11:00:38,Jakarta,62,123,p2,p2,30,60,1008,5.28,21
2026-08-22 12:00:38,Jakarta,56,112,p2,p2,29,64,1009,4.44,24
2026-08-22 13:00:39,Jakarta,59,118,p2,p2,28,66,1010,2.78,36
2026-08-22 14:00:39,Jakarta,72,143,p2,p2,28,67,1011,2.78,49
2026-08-22 15:00:42,Jakarta,73,145,p2,p2,28,67,1012,2.5,72
2026-08-22 16:00:40,Jakarta,69,137,p2,p2,28,66,1012,2.78,90
2026-08-22 17:00:36,Jakarta,66,132,p2,p2,27,67,1011,2.78,96
2026-08-22 18:00:36,Jakarta,64,127,p2,p2,27,68,1011,2.5,90
2026-08-22 19:00:43,Jakarta,58,115,p2,p2,26,67,1010,2.22,81
2026-08-22 20:00:42,Jakarta,57,113,p2,p2,26,67,1010,2.22,81
2026-08-22 21:00:41,Jakarta,59,118,p2,p2,26,68,1010,2.22,83
2026-08-22 22:00:37,Jakarta,66,130,p2,p2,26,69,1010,1.94,91
2026-08-22 23:00:38,Jakarta,75,149,p2,p2,25,70,1010,1.67,104
2026-08-23 00:00:38,Jakarta,86,157,p2,p2,25,70,1011,1.39,127
2026-08-23 01:00:45,Jakarta,96,163,p2,p2,26,68,1012,1.11,152
2026-08-23 02:00:39,Jakarta,104,167,p2,p2,27,63,1013,0.56,190
2026-08-23 03:00:38,Jakarta,91,160,p2,p2,29,56,1013,0.83,307
2026-08-23 04:00:36,Jakarta,89,159,p2,p2,30,51,1013,1.94,345
2026-08-23 05:00:40,Jakarta,94,161,p2,p2,31,47,1012,2.78,346
2026-08-23 06:00:37,Jakarta,89,158,p2,p2,32,45,1011,3.89,359
2026-08-23 07:00:41,Jakarta,81,154,p2,p2,32,44,1010,4.44,4
2026-08-23 08:00:40,Jakarta,79,153,p2,p2,32,43,1009,5.56,5
2026-08-23 09:00:39,Jakarta,69,137,p2,p2,32,46,1008,6.11,8
2026-08-23 10:00:39,Jakarta,64,126,p2,p2,31,50,1009,5.83,11
2026-08-23 11:00:39,Jakarta,62,123,p2,p2,30,54,1009,4.72,14
2026-08-23 12:00:38,Jakarta,61,121,p2,p2,29,57,1010,3.06,16
2026-08-23 13:00:38,Jakarta,63,124,p2,p2,28,58,1011,1.94,18
2026-08-23 14:00:42,Jakarta,69,138,p2,p2,28,60,1011,1.67,23
2026-08-23 15:00:39,Jakarta,73,144,p2,p2,28,61,1012,1.67,32
2026-08-23 16:00:41,Jakarta,73,144,p2,p2,28,62,1012,1.39,47
2026-08-23 17:00:45,Jakarta,69,137,p2,p2,28,63,1012,1.39,83
2026-08-23 18:00:40,Jakarta,73,144,p2,p2,27,63,1011,1.11,98
2026-08-23 19:00:39,Jakarta,78,152,p2,p2,27,69,1010,1.39,56
2026-08-23 20:00:41,Jakarta,86,157,p2,p2,27,69,1010,1.39,56
2026-08-23 21:00:41,Jakarta,91,160,p2,p2,26,71,1010,0.83,75
2026-08-23 22:00:39,Jakarta,92,160,p2,p2,26,71,1010,0.28,90
2026-08-23 23:00:39,Jakarta,74,147,p2,p2,26,72,1010,0.56,232
2026-08-24 00:00:44,Jakarta,73,144,p2,p2,26,72,1011,1.11,207
2026-08-24 01:00:36,Jakarta,73,144,p2,p2,26,69,1012,0.83,197
2026-08-24 02:00:39,Jakarta,88,158,p2,p2,28,65,1012,0.28,155
2026-08-24 03:00:41,Jakarta,105,167,p2,p2,29,60,1013,0,34
2026-08-24 04:00:40,Jakarta,115,173,p2,p2,30,54,1012,0.56,352
2026-08-24 05:00:36,Jakarta,106,168,p2,p2,31,49,1011,1.67,357
2026-08-24 06:00:40,Jakarta,92,160,p2,p2,32,45,1010,2.5,2
2026-08-24 07:00:41,Jakarta,76,151,p2,p2,32,44,1008,5.28,13
2026-08-24 08:00:39,Jakarta,69,137,p2,p2,32,44,1008,5.28,13
2026-08-24 09:00:37,Jakarta,71,142,p2,p2,31,53,1008,6.67,13
2026-08-24 10:00:40,Jakarta,71,142,p2,p2,30,58,1008,6.11,12
2026-08-24 11:00:39,Jakarta,66,131,p2,p2,29,58,1009,4.72,12
2026-08-24 12:00:39,Jakarta,61,122,p2,p2,28,60,1009,3.61,17
2026-08-24 13:00:43,Jakarta,65,129,p2,p2,28,61,1010,2.22,16
2026-08-24 14:00:56,Jakarta,69,137,p2,p2,28,62,1011,2.22,29
2026-08-24 15:00:44,Jakarta,68,135,p2,p2,28,63,1012,1.94,53
2026-08-24 16:00:45,Jakarta,66,131,p2,p2,28,63,1012,2.5,66
2026-08-24 17:00:43,Jakarta,66,132,p2,p2,27,65,1012,2.5,72
2026-08-24 18:00:45,Jakarta,62,123,p2,p2,27,67,1011,2.5,73
2026-08-24 19:00:45,Jakarta,62,124,p2,p2,26,70,1010,2.22,100
2026-08-24 20:00:42,Jakarta,68,135,p2,p2,26,70,1010,2.22,100
2026-08-24 21:00:40,Jakarta,70,138,p2,p2,26,70,1010,2.22,100
2026-08-24 22:00:49,Jakarta,73,145,p2,p2,26,71,1010,1.94,124
2026-08-24 23:00:39,Jakarta,84,156,p2,p2,26,71,1011,1.67,114
2026-08-25 00:00:42,Jakarta,99,164,p2,p2,26,71,1011,1.11,132
2026-08-25 01:00:39,Jakarta,104,167,p2,p2,27,69,1012,1.67,99
2026-08-25 02:00:38,Jakarta,96,163,p2,p2,28,64,1012,1.39,117
2026-08-25 03:00:44,Jakarta,97,163,p2,p2,29,58,1012,0.83,92
2026-08-25 04:00:39,Jakarta,98,163,p2,p2,30,53,1012,1.11,31
2026-08-25 05:00:38,Jakarta,89,158,p2,p2,31,49,1011,1.39,8
2026-08-25 06:00:39,Jakarta,92,160,p2,p2,32,46,1010,2.22,10
2026-08-25 07:00:37,Jakarta,90,159,p2,p2,32,44,1008,5,10
2026-08-25 08:00:38,Jakarta,83,155,p2,p2,32,44,1008,5,10
2026-08-25 09:00:40,Jakarta,82,155,p2,p2,32,49,1008,6.11,11
2026-08-25 10:00:40,Jakarta,73,144,p2,p2,30,54,1008,6.11,11
2026-08-25 11:00:42,Jakarta,65,129,p2,p2,29,55,1008,5,14
2026-08-25 12:00:44,Jakarta,49,98,p2,p2,29,60,1009,3.61,15
2026-08-25 13:00:42,Jakarta,46,87,s2,p2,28,63,1010,2.78,23
2026-08-25 14:00:41,Jakarta,46,84,s2,p2,28,66,1011,2.22,31
2026-08-25 15:00:39,Jakarta,46,93,s2,p2,28,67,1012,2.22,46
2026-08-25 16:00:40,Jakarta,51,102,p2,p2,28,68,1012,2.22,50
2026-08-25 17:00:42,Jakarta,57,113,p2,p2,27,68,1012,2.5,55
2026-08-25 18:00:47,Jakarta,58,115,p2,p2,27,68,1011,2.5,66
2026-08-25 19:00:43,Jakarta,61,122,p2,p2,27,68,1010,2.5,84
2026-08-25 20:00:36,Jakarta,61,121,p2,p2,26,67,1010,2.5,93
2026-08-25 21:00:42,Jakarta,60,119,p2,p2,26,68,1010,2.22,106
2026-08-25 22:00:40,Jakarta,65,130,p2,p2,26,69,1010,2.22,117
2026-08-25 23:00:38,Jakarta,69,137,p2,p2,26,70,1011,1.94,117
2026-08-26 00:00:45,Jakarta,75,149,p2,p2,26,71,1011,1.67,134
2026-08-26 01:00:38,Jakarta,73,145,p2,p2,26,68,1012,1.67,126
2026-08-26 02:00:38,Jakarta,68,135,p2,p2,28,62,1012,1.94,106
2026-08-26 03:00:39,Jakarta,59,117,p2,p2,29,57,1013,1.94,86
2026-08-26 04:00:42,Jakarta,51,102,p2,p2,31,51,1012,1.67,67
2026-08-26 05:00:38,Jakarta,51,101,p2,p2,32,46,1011,1.94,36
2026-08-26 06:00:38,Jakarta,54,107,p2,p2,32,43,1010,2.78,13
2026-08-26 07:00:37,Jakarta,53,105,p2,p2,32,42,1009,4.44,10
2026-08-26 08:00:44,Jakarta,52,104,p2,p2,32,47,1009,5.83,16
2026-08-26 09:00:41,Jakarta,47,96,p2,p2,31,50,1009,5.83,12
2026-08-26 10:00:39,Jakarta,49,97,p2,p2,30,54,1009,5.83,16
2026-08-26 11:00:42,Jakarta,49,97,p2,p2,29,59,1009,5.28,20
2026-08-26 12:00:38,Jakarta,59,118,p2,p2,28,66,1010,3.89,23
2026-08-26 13:00:37,Jakarta,55,110,p2,p2,28,68,1011,3.06,28
2026-08-26 14:00:45,Jakarta,56,111,p2,p2,28,69,1012,2.78,43
2026-08-26 15:00:55,Jakarta,49,97,p2,p2,28,70,1013,2.78,55
2026-08-26 16:00:38,Jakarta,44,92,p2,p2,27,69,1013,2.5,66
2026-08-26 17:00:43,Jakarta,44,82,s2,p2,27,68,1012,2.22,81
2026-08-26 18:00:45,Jakarta,44,82,s2,p2,27,68,1012,2.22,92
2026-08-26 19:00:43,Jakarta,44,86,s2,p2,27,68,1011,2.22,99
2026-08-26 20:00:39,Jakarta,44,88,s2,p2,27,68,1011,2.22,99
2026-08-26 21:00:39,Jakarta,54,107,p2,p2,26,68,1011,2.22,100
2026-08-26 22:00:39,Jakarta,59,117,p2,p2,26,69,1011,1.94,96
2026-08-26 23:00:41,Jakarta,59,118,p2,p2,26,69,1011,1.67,104
2026-08-27 00:00:44,Jakarta,58,115,p2,p2,26,70,1012,1.67,112
2026-08-27 01:00:36,Jakarta,69,138,p2,p2,27,67,1012,1.39,130
2026-08-27 02:00:39,Jakarta,69,138,p2,p2,28,62,1013,1.11,145
2026-08-27 03:00:39,Jakarta,73,145,p2,p2,30,56,1013,0.56,104
2026-08-27 04:00:37,Jakarta,81,154,p2,p2,31,50,1012,0.28,38
2026-08-27 05:00:42,Jakarta,86,157,p2,p2,32,45,1011,1.39,333
2026-08-27 06:00:37,Jakarta,82,155,p2,p2,33,42,1010,2.5,338
2026-08-27 07:00:38,Jakarta,71,142,p2,p2,33,43,1008,6.39,7
2026-08-27 08:00:41,Jakarta,64,128,p2,p2,33,43,1008,6.39,7
2026-08-27 09:00:41,Jakarta,61,122,p2,p2,31,53,1008,7.22,6
2026-08-27 10:00:37,Jakarta,61,122,p2,p2,30,55,1009,5,356
2026-08-27 11:00:44,Jakarta,56,112,p2,p2,29,58,1009,3.33,6
2026-08-27 12:00:41,Jakarta,57,113,p2,p2,29,62,1010,2.78,13
2026-08-27 13:00:42,Jakarta,68,134,p2,p2,28,65,1011,2.22,20
2026-08-27 14:00:41,Jakarta,73,145,p2,p2,28,67,1012,1.67,43
2026-08-27 15:00:42,Jakarta,74,147,p2,p2,28,67,1012,0.56,89
2026-08-27 16:00:44,Jakarta,75,150,p2,p2,28,67,1012,0.83,125
2026-08-27 17:00:44,Jakarta,83,155,p2,p2,27,66,1012,1.67,157
2026-08-27 18:00:50,Jakarta,76,150,p2,p2,27,67,1012,1.94,166
2026-08-27 19:00:43,Jakarta,69,137,p2,p2,27,67,1011,1.67,98
2026-08-27 20:00:42,Jakarta,59,117,p2,p2,27,67,1011,1.67,98
2026-08-27 21:00:42,Jakarta,51,102,p2,p2,27,68,1010,1.67,104
2026-08-27 22:00:41,Jakarta,45,93,p2,p2,27,68,1011,1.39,129
2026-08-27 23:00:40,Jakarta,43,89,s2,p2,27,68,1011,1.67,162
2026-08-28 00:00:43,Jakarta,48,97,p2,p2,27,67,1012,1.94,184
2026-08-28 01:00:39,Jakarta,53,106,p2,p2,27,66,1012,1.94,189
2026-08-28 02:00:42,Jakarta,58,116,p2,p2,28,64,1013,1.67,184
2026-08-28 03:00:39,Jakarta,70,139,p2,p2,28,60,1013,0.56,201
2026-08-28 04:00:42,Jakarta,73,144,p2,p2,30,53,1013,0.56,319
2026-08-28 05:00:42,Jakarta,84,156,p2,p2,31,48,1012,1.39,328
2026-08-28 06:00:42,Jakarta,85,156,p2,p2,32,45,1010,2.5,339
2026-08-28 07:00:43,Jakarta,80,153,p2,p2,33,42,1009,3.89,350
2026-08-28 08:00:39,Jakarta,51,102,p2,p2,33,44,1008,6.39,354
2026-08-28 09:00:40,Jakarta,43,81,s2,p2,31,51,1008,6.67,357
2026-08-28 10:00:45,Jakarta,43,77,s2,p2,30,57,1008,6.39,357
2026-08-28 11:00:41,Jakarta,43,82,s2,p2,29,61,1009,5.56,356
2026-08-28 12:00:41,Jakarta,43,84,s2,p2,28,64,1010,4.44,10
2026-08-28 13:00:40,Jakarta,43,82,s2,p2,28,65,1011,3.61,25
2026-08-28 14:00:43,Jakarta,43,75,s2,p2,28,63,1012,3.33,39
2026-08-28 15:00:44,Jakarta,45,73,s2,p2,28,61,1012,2.78,53
2026-08-28 16:00:39,Jakarta,45,75,s2,p2,28,59,1012,2.22,69
